"DATE","SHARES.TRD","VaR","NNExit","NNTrd","NPOS","ClosMargin","MaxMargin","MinMargin","EntrySlip","ExitSlip","OrderSlip","NumCancelOrder","NumOrder","FillRate","PnLD","Post","totPre","totPost","NetExp","Long","Short","PnLDL","PnLDS",if0001PnL,if0002PnL,if0001Pos,if0001MaxPOS,if0001MinPOS,if0002Pos,if0002MaxPOS,if0002MinPOS,if0001Prc,if0002Prc,if0001Slip,if0002Slip
2014/01/03,   480.00,0,240,240,0,     0.00, 83721.60,     0.00,  4140.07,     0.00,     0.00,0,0,     -nan,-16740.00,-20880.07,-16740.00,-20880.07,     0.00,     0.00,     0.00,-16740.00,     0.00,-20880.069000,0.000000,0.000000,1.000000,0.000000,0.000000,0.000000,0.000000,2302.400000,2308.600000,0.000000,0.000000
2014/01/06,   480.00,0,240,240,0,     0.00, 82346.40,     0.00,  4040.61,     0.00,     0.00,0,0,     -nan,-15240.00,-19280.61,-31980.00,-40160.68,     0.00,     0.00,     0.00,-15240.00,     0.00,-19280.614500,0.000000,0.000000,1.000000,0.000000,0.000000,0.000000,0.000000,2240.800000,2243.800000,0.000000,0.000000
2014/01/07,   480.00,0,240,240,0,     0.00, 81057.60,     0.00,  4030.52,     0.00,     0.00,0,0,     -nan,-17040.00,-21070.52,-49020.00,-61231.21,     0.00,     0.00,     0.00,-17040.00,     0.00,-21070.524000,0.000000,0.000000,1.000000,0.000000,0.000000,0.000000,0.000000,2238.400000,2240.200000,0.000000,0.000000
2014/01/08,   480.00,0,240,240,0,     0.00, 81633.60,     0.00,  4045.43,     0.00,     0.00,0,0,     -nan,-21420.00,-25465.43,-70440.00,-86696.64,     0.00,     0.00,     0.00,-21420.00,     0.00,-25465.432500,0.000000,0.000000,1.000000,0.000000,0.000000,0.000000,0.000000,2241.200000,2242.000000,0.000000,0.000000
2014/01/09,   480.00,0,240,240,0,     0.00, 81496.80,     0.00,  4041.98,     0.00,     0.00,0,0,     -nan,-19680.00,-23721.98,-90120.00,-110418.62,     0.00,     0.00,     0.00,-19680.00,     0.00,-23721.979500,0.000000,0.000000,1.000000,0.000000,0.000000,0.000000,0.000000,2223.600000,2227.200000,0.000000,0.000000
2014/01/10,   480.00,0,240,240,0,     0.00, 80316.00,     0.00,  3989.24,     0.00,     0.00,0,0,     -nan,-18720.00,-22709.24,-108840.00,-133127.86,     0.00,     0.00,     0.00,-18720.00,     0.00,-22709.242500,0.000000,0.000000,1.000000,0.000000,0.000000,0.000000,0.000000,2218.000000,2222.200000,0.000000,0.000000
2014/01/13,   480.00,0,240,240,0,     0.00, 80236.80,     0.00,  3972.13,     0.00,     0.00,0,0,     -nan,-19020.00,-22992.13,-127860.00,-156120.00,     0.00,     0.00,     0.00,-19020.00,     0.00,-22992.133500,0.000000,0.000000,1.000000,0.000000,0.000000,0.000000,0.000000,2204.400000,2210.200000,0.000000,0.000000
2014/01/14,   480.00,0,240,240,0,     0.00, 79963.20,     0.00,  3967.37,     0.00,     0.00,0,0,     -nan,-21540.00,-25507.37,-149400.00,-181627.37,     0.00,     0.00,     0.00,-21540.00,     0.00,-25507.371000,0.000000,0.000000,1.000000,0.000000,0.000000,0.000000,0.000000,2217.600000,2224.000000,0.000000,0.000000
2014/01/15,   480.00,0,240,240,0,     0.00, 79876.80,     0.00,  3974.95,     0.00,     0.00,0,0,     -nan,-17820.00,-21794.95,-167220.00,-203422.32,     0.00,     0.00,     0.00,-17820.00,     0.00,-21794.949000,0.000000,0.000000,1.000000,0.000000,0.000000,0.000000,0.000000,2211.600000,2218.200000,0.000000,0.000000
2014/01/16,   480.00,0,240,240,0,     0.00, 80373.60,     0.00,  3987.51,     0.00,     0.00,0,0,     -nan,-19200.00,-23187.51,-186420.00,-226609.82,     0.00,     0.00,     0.00,-19200.00,     0.00,-23187.507000,0.000000,0.000000,1.000000,0.000000,0.000000,0.000000,0.000000,2211.200000,2219.400000,0.000000,0.000000
2014/01/17,   480.00,0,240,240,0,     0.00, 79552.80,     0.00,  3944.28,     0.00,     0.00,0,0,     -nan,-21720.00,-25664.28,-208140.00,-252274.10,     0.00,     0.00,     0.00,-21720.00,     0.00,-25664.278500,0.000000,0.000000,1.000000,0.000000,0.000000,0.000000,0.000000,2182.800000,2199.200000,0.000000,0.000000
2014/01/20,   480.00,0,240,240,0,     0.00, 79113.60,     0.00,  3935.68,     0.00,     0.00,0,0,     -nan,-17880.00,-21815.68,-226020.00,-274089.78,     0.00,     0.00,     0.00,-17880.00,     0.00,-21815.682000,0.000000,0.000000,1.000000,0.000000,0.000000,0.000000,0.000000,2184.600000,2192.000000,0.000000,0.000000
2014/01/21,   480.00,0,240,240,0,     0.00, 79740.00,     0.00,  3966.63,     0.00,     0.00,0,0,     -nan,-17160.00,-21126.63,-243180.00,-295216.41,     0.00,     0.00,     0.00,-17160.00,     0.00,-21126.627000,0.000000,0.000000,1.000000,0.000000,0.000000,0.000000,0.000000,2206.400000,2214.000000,0.000000,0.000000
2014/01/22,   480.00,0,240,240,0,     0.00, 81165.60,     0.00,  4028.66,     0.00,     0.00,0,0,     -nan,-20340.00,-24368.66,-263520.00,-319585.07,     0.00,     0.00,     0.00,-20340.00,     0.00,-24368.658000,0.000000,0.000000,1.000000,0.000000,0.000000,0.000000,0.000000,2254.600000,2261.600000,0.000000,0.000000
2014/01/23,   480.00,0,240,240,0,     0.00, 81194.40,     0.00,  4040.68,     0.00,     0.00,0,0,     -nan,-17580.00,-21620.68,-281100.00,-341205.75,     0.00,     0.00,     0.00,-17580.00,     0.00,-21620.680500,0.000000,0.000000,1.000000,0.000000,0.000000,0.000000,0.000000,2244.200000,2250.800000,0.000000,0.000000
2014/01/24,   480.00,0,240,240,0,     0.00, 81691.20,     0.00,  4058.14,     0.00,     0.00,0,0,     -nan,-17640.00,-21698.14,-298740.00,-362903.89,     0.00,     0.00,     0.00,-17640.00,     0.00,-21698.137500,0.000000,0.000000,1.000000,0.000000,0.000000,0.000000,0.000000,2251.800000,2260.000000,0.000000,0.000000
2014/01/27,   480.00,0,240,240,0,     0.00, 80697.60,     0.00,  4011.36,     0.00,     0.00,0,0,     -nan,-18780.00,-22791.36,-317520.00,-385695.25,     0.00,     0.00,     0.00,-18780.00,     0.00,-22791.364500,0.000000,0.000000,1.000000,0.000000,0.000000,0.000000,0.000000,2227.000000,2234.200000,0.000000,0.000000
2014/01/28,   480.00,0,240,240,0,     0.00, 80892.00,     0.00,  4012.39,     0.00,     0.00,0,0,     -nan,-17640.00,-21652.39,-335160.00,-407347.64,     0.00,     0.00,     0.00,-17640.00,     0.00,-21652.387500,0.000000,0.000000,1.000000,0.000000,0.000000,0.000000,0.000000,2230.800000,2238.600000,0.000000,0.000000
2014/01/29,   480.00,0,240,240,0,     0.00, 80812.80,     0.00,  4028.11,     0.00,     0.00,0,0,     -nan,-16620.00,-20648.11,-351780.00,-427995.75,     0.00,     0.00,     0.00,-16620.00,     0.00,-20648.110500,0.000000,0.000000,1.000000,0.000000,0.000000,0.000000,0.000000,2240.000000,2247.800000,0.000000,0.000000
2014/01/30,   480.00,0,240,240,0,     0.00, 80503.20,     0.00,  3994.38,     0.00,     0.00,0,0,     -nan,-18780.00,-22774.38,-370560.00,-450770.13,     0.00,     0.00,     0.00,-18780.00,     0.00,-22774.380000,0.000000,0.000000,1.000000,0.000000,0.000000,0.000000,0.000000,2199.200000,2205.000000,0.000000,0.000000
2014/02/07,   480.00,0,240,240,0,     0.00, 79790.40,     0.00,  3955.74,     0.00,     0.00,0,0,     -nan,-16560.00,-20515.74,-387120.00,-471285.87,     0.00,     0.00,     0.00,-16560.00,     0.00,-20515.740000,0.000000,0.000000,1.000000,0.000000,0.000000,0.000000,0.000000,2214.600000,2222.600000,0.000000,0.000000
2014/02/10,   480.00,0,240,240,0,     0.00, 81698.40,     0.00,  4065.77,     0.00,     0.00,0,0,     -nan,-17340.00,-21405.77,-404460.00,-492691.64,     0.00,     0.00,     0.00,-17340.00,     0.00,-21405.771000,0.000000,0.000000,1.000000,0.000000,0.000000,0.000000,0.000000,2260.400000,2266.000000,0.000000,0.000000
2014/02/11,   480.00,0,240,240,0,     0.00, 82382.40,     0.00,  4091.29,     0.00,     0.00,0,0,     -nan,-17520.00,-21611.29,-421980.00,-514302.93,     0.00,     0.00,     0.00,-17520.00,     0.00,-21611.293500,0.000000,0.000000,1.000000,0.000000,0.000000,0.000000,0.000000,2277.400000,2281.000000,0.000000,0.000000
2014/02/12,   480.00,0,240,240,0,     0.00, 82404.00,     0.00,  4106.19,     0.00,     0.00,0,0,     -nan,-16260.00,-20366.19,-438240.00,-534669.12,     0.00,     0.00,     0.00,-16260.00,     0.00,-20366.191500,0.000000,0.000000,1.000000,0.000000,0.000000,0.000000,0.000000,2284.000000,2287.800000,0.000000,0.000000
2014/02/13,   480.00,0,240,240,0,     0.00, 82425.60,     0.00,  4105.52,     0.00,     0.00,0,0,     -nan,-17580.00,-21685.52,-455820.00,-556354.64,     0.00,     0.00,     0.00,-17580.00,     0.00,-21685.519500,0.000000,0.000000,1.000000,0.000000,0.000000,0.000000,0.000000,2273.400000,2275.000000,0.000000,0.000000
2014/02/14,   480.00,0,240,240,0,     0.00, 82332.00,     0.00,  4104.96,     0.00,     0.00,0,0,     -nan,-17160.00,-21264.96,-472980.00,-577619.60,     0.00,     0.00,     0.00,-17160.00,     0.00,-21264.960000,0.000000,0.000000,1.000000,0.000000,0.000000,0.000000,0.000000,2288.400000,2292.200000,0.000000,0.000000
2014/02/17,   480.00,0,240,240,0,     0.00, 83404.80,     0.00,  4146.03,     0.00,     0.00,0,0,     -nan,-18240.00,-22386.03,-491220.00,-600005.63,     0.00,     0.00,     0.00,-18240.00,     0.00,-22386.030000,0.000000,0.000000,1.000000,0.000000,0.000000,0.000000,0.000000,2305.400000,2312.800000,0.000000,0.000000
2014/02/18,   480.00,0,240,240,0,     0.00, 82900.80,     0.00,  4116.42,     0.00,     0.00,0,0,     -nan,-16920.00,-21036.42,-508140.00,-621042.06,     0.00,     0.00,     0.00,-16920.00,     0.00,-21036.423000,0.000000,0.000000,1.000000,0.000000,0.000000,0.000000,0.000000,2280.400000,2285.000000,0.000000,0.000000
2014/02/19,   480.00,0,240,240,0,     0.00, 83152.80,     0.00,  4121.56,     0.00,     0.00,0,0,     -nan,-18000.00,-22121.56,-526140.00,-643163.62,     0.00,     0.00,     0.00,-18000.00,     0.00,-22121.559000,0.000000,0.000000,1.000000,0.000000,0.000000,0.000000,0.000000,2304.200000,2308.800000,0.000000,0.000000
2014/02/20,   480.00,0,240,240,0,     0.00, 83714.40,     0.00,  4134.10,     0.00,     0.00,0,0,     -nan,-21720.00,-25854.10,-547860.00,-669017.72,     0.00,     0.00,     0.00,-21720.00,     0.00,-25854.100500,0.000000,0.000000,1.000000,0.000000,0.000000,0.000000,0.000000,2284.000000,2282.800000,0.000000,0.000000
2014/02/21,   480.00,0,240,240,0,     0.00, 82382.40,     0.00,  4091.19,     0.00,     0.00,0,0,     -nan,-20160.00,-24251.19,-568020.00,-693268.91,     0.00,     0.00,     0.00,-20160.00,     0.00,-24251.190000,0.000000,0.000000,1.000000,0.000000,0.000000,0.000000,0.000000,2261.200000,2266.200000,0.000000,0.000000
2014/02/24,   480.00,0,240,240,0,     0.00, 80344.80,     0.00,  3970.69,     0.00,     0.00,0,0,     -nan,-14640.00,-18610.70,-582660.00,-711879.60,     0.00,     0.00,     0.00,-14640.00,     0.00,-18610.695000,0.000000,0.000000,1.000000,0.000000,0.000000,0.000000,0.000000,2206.200000,2208.600000,0.000000,0.000000
2014/02/25,   480.00,0,240,240,0,     0.00, 79855.20,     0.00,  3947.95,     0.00,     0.00,0,0,     -nan,-13320.00,-17267.95,-595980.00,-729147.55,     0.00,     0.00,     0.00,-13320.00,     0.00,-17267.949000,0.000000,0.000000,1.000000,0.000000,0.000000,0.000000,0.000000,2145.600000,2146.400000,0.000000,0.000000
2014/02/26,   480.00,0,240,240,0,     0.00, 77644.80,     0.00,  3866.37,     0.00,     0.00,0,0,     -nan,-17160.00,-21026.37,-613140.00,-750173.92,     0.00,     0.00,     0.00,-17160.00,     0.00,-21026.368500,0.000000,0.000000,1.000000,0.000000,0.000000,0.000000,0.000000,2149.000000,2148.800000,0.000000,0.000000
2014/02/27,   480.00,0,240,240,0,     0.00, 78069.60,     0.00,  3873.95,     0.00,     0.00,0,0,     -nan,-16020.00,-19893.95,-629160.00,-770067.87,     0.00,     0.00,     0.00,-16020.00,     0.00,-19893.952500,0.000000,0.000000,1.000000,0.000000,0.000000,0.000000,0.000000,2148.200000,2147.600000,0.000000,0.000000
2014/02/28,   480.00,0,240,240,0,     0.00, 78321.60,     0.00,  3871.95,     0.00,     0.00,0,0,     -nan,-19380.00,-23251.95,-648540.00,-793319.82,     0.00,     0.00,     0.00,-19380.00,     0.00,-23251.948500,0.000000,0.000000,1.000000,0.000000,0.000000,0.000000,0.000000,2174.000000,2175.000000,0.000000,0.000000
2014/03/03,   480.00,0,240,240,0,     0.00, 78400.80,     0.00,  3910.34,     0.00,     0.00,0,0,     -nan,-14460.00,-18370.34,-663000.00,-811690.16,     0.00,     0.00,     0.00,-14460.00,     0.00,-18370.338000,0.000000,0.000000,1.000000,0.000000,0.000000,0.000000,0.000000,2163.800000,2163.600000,0.000000,0.000000
2014/03/04,   480.00,0,240,240,0,     0.00, 78026.40,     0.00,  3876.36,     0.00,     0.00,0,0,     -nan,-18180.00,-22056.36,-681180.00,-833746.52,     0.00,     0.00,     0.00,-18180.00,     0.00,-22056.357000,0.000000,0.000000,1.000000,0.000000,0.000000,0.000000,0.000000,2169.800000,2166.600000,0.000000,0.000000
2014/03/05,   480.00,0,240,240,0,     0.00, 78228.00,     0.00,  3863.80,     0.00,     0.00,0,0,     -nan,-27240.00,-31103.80,-708420.00,-864850.31,     0.00,     0.00,     0.00,-27240.00,     0.00,-31103.797500,0.000000,0.000000,1.000000,0.000000,0.000000,0.000000,0.000000,2167.400000,2164.800000,0.000000,0.000000
2014/03/06,   480.00,0,240,240,0,     0.00, 78228.00,     0.00,  3863.60,     0.00,     0.00,0,0,     -nan,-18060.00,-21923.60,-726480.00,-886773.91,     0.00,     0.00,     0.00,-18060.00,     0.00,-21923.595000,0.000000,0.000000,1.000000,0.000000,0.000000,0.000000,0.000000,2167.400000,2164.800000,0.000000,0.000000
2014/03/07,   480.00,0,240,240,0,     0.00, 78357.60,     0.00,  3888.91,     0.00,     0.00,0,0,     -nan,-18480.00,-22368.91,-744960.00,-909142.82,     0.00,     0.00,     0.00,-18480.00,     0.00,-22368.913500,0.000000,0.000000,1.000000,0.000000,0.000000,0.000000,0.000000,2141.200000,2140.000000,0.000000,0.000000
2014/03/10,   480.00,0,240,240,0,     0.00, 76586.40,     0.00,  3772.52,     0.00,     0.00,0,0,     -nan,-18840.00,-22612.52,-763800.00,-931755.35,     0.00,     0.00,     0.00,-18840.00,     0.00,-22612.524000,0.000000,0.000000,1.000000,0.000000,0.000000,0.000000,0.000000,2062.800000,2058.600000,0.000000,0.000000
2014/03/11,   480.00,0,240,240,0,     0.00, 75708.00,     0.00,  3740.78,     0.00,     0.00,0,0,     -nan,-17580.00,-21320.78,-781380.00,-953076.12,     0.00,     0.00,     0.00,-17580.00,     0.00,-21320.778000,0.000000,0.000000,1.000000,0.000000,0.000000,0.000000,0.000000,2088.600000,2082.000000,0.000000,0.000000
2014/03/12,   480.00,0,240,240,0,     0.00, 75506.40,     0.00,  3750.73,     0.00,     0.00,0,0,     -nan,-19980.00,-23730.73,-801360.00,-976806.85,     0.00,     0.00,     0.00,-19980.00,     0.00,-23730.729000,0.000000,0.000000,1.000000,0.000000,0.000000,0.000000,0.000000,2085.800000,2078.200000,0.000000,0.000000
2014/03/13,   480.00,0,240,240,0,     0.00, 76262.40,     0.00,  3792.41,     0.00,     0.00,0,0,     -nan,-18660.00,-22452.41,-820020.00,-999259.26,     0.00,     0.00,     0.00,-18660.00,     0.00,-22452.406500,0.000000,0.000000,1.000000,0.000000,0.000000,0.000000,0.000000,2105.400000,2095.400000,0.000000,0.000000
2014/03/14,   480.00,0,240,240,0,     0.00, 75816.00,     0.00,  3774.72,     0.00,     0.00,0,0,     -nan,-18240.00,-22014.72,-838260.00,-1021273.98,     0.00,     0.00,     0.00,-18240.00,     0.00,-22014.723000,0.000000,0.000000,1.000000,0.000000,0.000000,0.000000,0.000000,2100.000000,2083.000000,0.000000,0.000000
2014/03/17,   480.00,0,240,240,0,     0.00, 76572.00,     0.00,  3812.67,     0.00,     0.00,0,0,     -nan,-20820.00,-24632.67,-859080.00,-1045906.65,     0.00,     0.00,     0.00,-20820.00,     0.00,-24632.670000,0.000000,0.000000,1.000000,0.000000,0.000000,0.000000,0.000000,2137.400000,2125.200000,0.000000,0.000000
2014/03/18,   480.00,0,240,240,0,     0.00, 76874.40,     0.00,  3827.37,     0.00,     0.00,0,0,     -nan,-19440.00,-23267.37,-878520.00,-1069174.02,     0.00,     0.00,     0.00,-19440.00,     0.00,-23267.373000,0.000000,0.000000,1.000000,0.000000,0.000000,0.000000,0.000000,2114.400000,2096.200000,0.000000,0.000000
2014/03/19,   480.00,0,240,240,0,     0.00, 76197.60,     0.00,  3780.42,     0.00,     0.00,0,0,     -nan,-17580.00,-21360.42,-896100.00,-1090534.44,     0.00,     0.00,     0.00,-17580.00,     0.00,-21360.415500,0.000000,0.000000,1.000000,0.000000,0.000000,0.000000,0.000000,2123.200000,2108.600000,0.000000,0.000000
2014/03/20,   480.00,0,240,240,0,     0.00, 76903.20,     0.00,  3798.73,     0.00,     0.00,0,0,     -nan,-21300.00,-25098.73,-917400.00,-1115633.17,     0.00,     0.00,     0.00,-21300.00,     0.00,-25098.730500,0.000000,0.000000,1.000000,0.000000,0.000000,0.000000,0.000000,2081.600000,2055.400000,0.000000,0.000000
2014/03/21,   480.00,0,240,240,0,     0.00, 77342.40,     0.00,  3800.59,     0.00,     0.00,0,0,     -nan,-19860.00,-23660.59,-937260.00,-1139293.76,     0.00,     0.00,     0.00,-19860.00,     0.00,-23660.592000,0.000000,0.000000,1.000000,0.000000,0.000000,0.000000,0.000000,2143.600000,2153.800000,0.000000,0.000000
2014/03/24,   480.00,0,240,240,0,     0.00, 77860.80,     0.00,  3867.42,     0.00,     0.00,0,0,     -nan,-21240.00,-25107.42,-958500.00,-1164401.18,     0.00,     0.00,     0.00,-21240.00,     0.00,-25107.420000,0.000000,0.000000,1.000000,0.000000,0.000000,0.000000,0.000000,2150.800000,2139.000000,0.000000,0.000000
2014/03/25,   480.00,0,240,240,0,     0.00, 78228.00,     0.00,  3878.19,     0.00,     0.00,0,0,     -nan,-19140.00,-23018.19,-977640.00,-1187419.37,     0.00,     0.00,     0.00,-19140.00,     0.00,-23018.190000,0.000000,0.000000,1.000000,0.000000,0.000000,0.000000,0.000000,2152.600000,2138.800000,0.000000,0.000000
2014/03/26,   480.00,0,240,240,0,     0.00, 77947.20,     0.00,  3876.17,     0.00,     0.00,0,0,     -nan,-17340.00,-21216.17,-994980.00,-1208635.54,     0.00,     0.00,     0.00,-17340.00,     0.00,-21216.166500,0.000000,0.000000,1.000000,0.000000,0.000000,0.000000,0.000000,2153.000000,2139.800000,0.000000,0.000000
2014/03/27,   480.00,0,240,240,0,     0.00, 78458.40,     0.00,  3860.22,     0.00,     0.00,0,0,     -nan,-20100.00,-23960.22,-1015080.00,-1232595.76,     0.00,     0.00,     0.00,-20100.00,     0.00,-23960.220000,0.000000,0.000000,1.000000,0.000000,0.000000,0.000000,0.000000,2134.800000,2122.000000,0.000000,0.000000
2014/03/28,   480.00,0,240,240,0,     0.00, 77940.00,     0.00,  3875.69,     0.00,     0.00,0,0,     -nan,-16680.00,-20555.69,-1031760.00,-1253151.45,     0.00,     0.00,     0.00,-16680.00,     0.00,-20555.688000,0.000000,0.000000,1.000000,0.000000,0.000000,0.000000,0.000000,2145.000000,2132.600000,0.000000,0.000000
2014/03/31,   480.00,0,240,240,0,     0.00, 78026.40,     0.00,  3870.75,     0.00,     0.00,0,0,     -nan,-17160.00,-21030.75,-1048920.00,-1274182.20,     0.00,     0.00,     0.00,-17160.00,     0.00,-21030.751500,0.000000,0.000000,1.000000,0.000000,0.000000,0.000000,0.000000,2143.400000,2133.600000,0.000000,0.000000
2014/04/01,   480.00,0,240,240,0,     0.00, 78264.00,     0.00,  3877.51,     0.00,     0.00,0,0,     -nan,-16800.00,-20677.51,-1065720.00,-1294859.71,     0.00,     0.00,     0.00,-16800.00,     0.00,-20677.513500,0.000000,0.000000,1.000000,0.000000,0.000000,0.000000,0.000000,2158.400000,2150.000000,0.000000,0.000000
2014/04/02,   480.00,0,240,240,0,     0.00, 78357.60,     0.00,  3898.59,     0.00,     0.00,0,0,     -nan,-16500.00,-20398.59,-1082220.00,-1315258.31,     0.00,     0.00,     0.00,-16500.00,     0.00,-20398.594500,0.000000,0.000000,1.000000,0.000000,0.000000,0.000000,0.000000,2175.000000,2166.000000,0.000000,0.000000
2014/04/03,   480.00,0,240,240,0,     0.00, 78976.80,     0.00,  3920.33,     0.00,     0.00,0,0,     -nan,-17160.00,-21080.33,-1099380.00,-1336338.63,     0.00,     0.00,     0.00,-17160.00,     0.00,-21080.326500,0.000000,0.000000,1.000000,0.000000,0.000000,0.000000,0.000000,2159.600000,2151.400000,0.000000,0.000000
2014/04/04,   480.00,0,240,240,0,     0.00, 78804.00,     0.00,  3905.02,     0.00,     0.00,0,0,     -nan,-13800.00,-17705.02,-1113180.00,-1354043.65,     0.00,     0.00,     0.00,-13800.00,     0.00,-17705.019000,0.000000,0.000000,1.000000,0.000000,0.000000,0.000000,0.000000,2188.000000,2180.000000,0.000000,0.000000
2014/04/08,   480.00,0,240,240,0,     0.00, 80935.20,     0.00,  3998.64,     0.00,     0.00,0,0,     -nan,-22440.00,-26438.64,-1135620.00,-1380482.29,     0.00,     0.00,     0.00,-22440.00,     0.00,-26438.640000,0.000000,0.000000,1.000000,0.000000,0.000000,0.000000,0.000000,2247.200000,2238.000000,0.000000,0.000000
2014/04/09,   480.00,0,240,240,0,     0.00, 81280.80,     0.00,  4044.28,     0.00,     0.00,0,0,     -nan,-19500.00,-23544.28,-1155120.00,-1404026.57,     0.00,     0.00,     0.00,-19500.00,     0.00,-23544.279000,0.000000,0.000000,1.000000,0.000000,0.000000,0.000000,0.000000,2236.200000,2231.000000,0.000000,0.000000
2014/04/10,   480.00,0,240,240,0,     0.00, 82598.40,     0.00,  4052.28,     0.00,     0.00,0,0,     -nan,-19560.00,-23612.28,-1174680.00,-1427638.85,     0.00,     0.00,     0.00,-19560.00,     0.00,-23612.275500,0.000000,0.000000,1.000000,0.000000,0.000000,0.000000,0.000000,2285.000000,2284.200000,0.000000,0.000000
2014/04/11,   480.00,0,240,240,0,     0.00, 82216.80,     0.00,  4092.74,     0.00,     0.00,0,0,     -nan,-17760.00,-21852.74,-1192440.00,-1449491.59,     0.00,     0.00,     0.00,-17760.00,     0.00,-21852.739500,0.000000,0.000000,1.000000,0.000000,0.000000,0.000000,0.000000,2272.000000,2271.200000,0.000000,0.000000
2014/04/14,   480.00,0,240,240,0,     0.00, 82044.00,     0.00,  4083.67,     0.00,     0.00,0,0,     -nan,-18060.00,-22143.67,-1210500.00,-1471635.26,     0.00,     0.00,     0.00,-18060.00,     0.00,-22143.669000,0.000000,0.000000,1.000000,0.000000,0.000000,0.000000,0.000000,2272.400000,2271.200000,0.000000,0.000000
2014/04/15,   480.00,0,240,240,0,     0.00, 81252.00,     0.00,  4038.57,     0.00,     0.00,0,0,     -nan,-16680.00,-20718.57,-1227180.00,-1492353.83,     0.00,     0.00,     0.00,-16680.00,     0.00,-20718.570000,0.000000,0.000000,1.000000,0.000000,0.000000,0.000000,0.000000,2236.800000,2231.800000,0.000000,0.000000
2014/04/16,   480.00,0,240,240,0,     0.00, 80992.80,     0.00,  4028.33,     0.00,     0.00,0,0,     -nan,-15420.00,-19448.33,-1242600.00,-1511802.16,     0.00,     0.00,     0.00,-15420.00,     0.00,-19448.334000,0.000000,0.000000,1.000000,0.000000,0.000000,0.000000,0.000000,2233.000000,2231.000000,0.000000,0.000000
2014/04/17,   480.00,0,240,240,0,     0.00, 80820.00,     0.00,  4017.54,     0.00,     0.00,0,0,     -nan,-18480.00,-22497.54,-1261080.00,-1534299.70,     0.00,     0.00,     0.00,-18480.00,     0.00,-22497.543000,0.000000,0.000000,1.000000,0.000000,0.000000,0.000000,0.000000,2229.000000,2226.600000,0.000000,0.000000
2014/04/18,   480.00,0,240,240,0,     0.00, 80143.20,     0.00,  3990.17,     0.00,     0.00,0,0,     -nan,-20340.00,-24330.17,-1281420.00,-1558629.88,     0.00,     0.00,     0.00,-20340.00,     0.00,-24330.174000,0.000000,0.000000,1.000000,0.000000,0.000000,0.000000,0.000000,2221.400000,2225.800000,0.000000,0.000000
2014/04/21,   480.00,0,240,240,0,     0.00, 80539.20,     0.00,  3991.44,     0.00,     0.00,0,0,     -nan,-19080.00,-23071.44,-1300500.00,-1581701.32,     0.00,     0.00,     0.00,-19080.00,     0.00,-23071.443000,0.000000,0.000000,1.000000,0.000000,0.000000,0.000000,0.000000,2179.800000,2163.400000,0.000000,0.000000
2014/04/22,   480.00,0,240,240,0,     0.00, 79048.80,     0.00,  3927.50,     0.00,     0.00,0,0,     -nan,-15720.00,-19647.50,-1316220.00,-1601348.81,     0.00,     0.00,     0.00,-15720.00,     0.00,-19647.495000,0.000000,0.000000,1.000000,0.000000,0.000000,0.000000,0.000000,2188.600000,2173.000000,0.000000,0.000000
2014/04/23,   480.00,0,240,240,0,     0.00, 79041.60,     0.00,  3933.81,     0.00,     0.00,0,0,     -nan,-18360.00,-22293.81,-1334580.00,-1623642.63,     0.00,     0.00,     0.00,-18360.00,     0.00,-22293.813000,0.000000,0.000000,1.000000,0.000000,0.000000,0.000000,0.000000,2185.000000,2170.400000,0.000000,0.000000
2014/04/24,   480.00,0,240,240,0,     0.00, 79358.40,     0.00,  3933.58,     0.00,     0.00,0,0,     -nan,-21180.00,-25113.58,-1355760.00,-1648756.21,     0.00,     0.00,     0.00,-21180.00,     0.00,-25113.583500,0.000000,0.000000,1.000000,0.000000,0.000000,0.000000,0.000000,2183.200000,2168.800000,0.000000,0.000000
2014/04/25,   480.00,0,240,240,0,     0.00, 78962.40,     0.00,  3925.61,     0.00,     0.00,0,0,     -nan,-19140.00,-23065.61,-1374900.00,-1671821.82,     0.00,     0.00,     0.00,-19140.00,     0.00,-23065.611000,0.000000,0.000000,1.000000,0.000000,0.000000,0.000000,0.000000,2172.400000,2157.800000,0.000000,0.000000
2014/04/28,   480.00,0,240,240,0,     0.00, 78228.00,     0.00,  3868.20,     0.00,     0.00,0,0,     -nan,-20940.00,-24808.20,-1395840.00,-1696630.02,     0.00,     0.00,     0.00,-20940.00,     0.00,-24808.198500,0.000000,0.000000,1.000000,0.000000,0.000000,0.000000,0.000000,2143.600000,2128.000000,0.000000,0.000000
2014/04/29,   480.00,0,240,240,0,     0.00, 78048.00,     0.00,  3866.55,     0.00,     0.00,0,0,     -nan,-17280.00,-21146.55,-1413120.00,-1717776.57,     0.00,     0.00,     0.00,-17280.00,     0.00,-21146.553000,0.000000,0.000000,1.000000,0.000000,0.000000,0.000000,0.000000,2160.800000,2147.600000,0.000000,0.000000
2014/04/30,   480.00,0,240,240,0,     0.00, 77774.40,     0.00,  3881.67,     0.00,     0.00,0,0,     -nan,-16980.00,-20861.67,-1430100.00,-1738638.24,     0.00,     0.00,     0.00,-16980.00,     0.00,-20861.670000,0.000000,0.000000,1.000000,0.000000,0.000000,0.000000,0.000000,2147.000000,2133.800000,0.000000,0.000000
2014/05/05,   480.00,0,240,240,0,     0.00, 77875.20,     0.00,  3846.76,     0.00,     0.00,0,0,     -nan,-18960.00,-22806.76,-1449060.00,-1761445.00,     0.00,     0.00,     0.00,-18960.00,     0.00,-22806.760500,0.000000,0.000000,1.000000,0.000000,0.000000,0.000000,0.000000,2156.600000,2144.600000,0.000000,0.000000
2014/05/06,   480.00,0,240,240,0,     0.00, 78199.20,     0.00,  3882.66,     0.00,     0.00,0,0,     -nan,-17760.00,-21642.66,-1466820.00,-1783087.66,     0.00,     0.00,     0.00,-17760.00,     0.00,-21642.660000,0.000000,0.000000,1.000000,0.000000,0.000000,0.000000,0.000000,2144.800000,2134.600000,0.000000,0.000000
2014/05/07,   480.00,0,240,240,0,     0.00, 77428.80,     0.00,  3858.55,     0.00,     0.00,0,0,     -nan,-15300.00,-19158.55,-1482120.00,-1802246.22,     0.00,     0.00,     0.00,-15300.00,     0.00,-19158.555000,0.000000,0.000000,1.000000,0.000000,0.000000,0.000000,0.000000,2136.000000,2124.200000,0.000000,0.000000
2014/05/08,   480.00,0,240,240,0,     0.00, 78235.20,     0.00,  3864.11,     0.00,     0.00,0,0,     -nan,-18960.00,-22824.11,-1501080.00,-1825070.33,     0.00,     0.00,     0.00,-18960.00,     0.00,-22824.108000,0.000000,0.000000,1.000000,0.000000,0.000000,0.000000,0.000000,2137.400000,2125.200000,0.000000,0.000000
2014/05/09,   480.00,0,240,240,0,     0.00, 77155.20,     0.00,  3842.64,     0.00,     0.00,0,0,     -nan,-18600.00,-22442.64,-1519680.00,-1847512.97,     0.00,     0.00,     0.00,-18600.00,     0.00,-22442.640000,0.000000,0.000000,1.000000,0.000000,0.000000,0.000000,0.000000,2138.000000,2126.600000,0.000000,0.000000
2014/05/12,   480.00,0,240,240,0,     0.00, 78638.40,     0.00,  3905.81,     0.00,     0.00,0,0,     -nan,-17520.00,-21425.81,-1537200.00,-1868938.78,     0.00,     0.00,     0.00,-17520.00,     0.00,-21425.811000,0.000000,0.000000,1.000000,0.000000,0.000000,0.000000,0.000000,2178.800000,2170.400000,0.000000,0.000000
2014/05/13,   480.00,0,240,240,0,     0.00, 78480.00,     0.00,  3910.76,     0.00,     0.00,0,0,     -nan,-17400.00,-21310.76,-1554600.00,-1890249.53,     0.00,     0.00,     0.00,-17400.00,     0.00,-21310.756500,0.000000,0.000000,1.000000,0.000000,0.000000,0.000000,0.000000,2166.600000,2156.600000,0.000000,0.000000
2014/05/14,   480.00,0,240,240,0,     0.00, 78544.80,     0.00,  3905.95,     0.00,     0.00,0,0,     -nan,-16740.00,-20645.95,-1571340.00,-1910895.48,     0.00,     0.00,     0.00,-16740.00,     0.00,-20645.946000,0.000000,0.000000,1.000000,0.000000,0.000000,0.000000,0.000000,2165.600000,2155.800000,0.000000,0.000000
2014/05/15,   480.00,0,240,240,0,     0.00, 78055.20,     0.00,  3884.42,     0.00,     0.00,0,0,     -nan,-19260.00,-23144.42,-1590600.00,-1934039.90,     0.00,     0.00,     0.00,-19260.00,     0.00,-23144.416500,0.000000,0.000000,1.000000,0.000000,0.000000,0.000000,0.000000,2147.400000,2136.600000,0.000000,0.000000
2014/05/16,   480.00,0,240,240,0,     0.00, 77428.80,     0.00,  3859.14,     0.00,     0.00,0,0,     -nan,-17700.00,-21559.14,-1608300.00,-1955599.03,     0.00,     0.00,     0.00,-17700.00,     0.00,-21559.135500,0.000000,0.000000,1.000000,0.000000,0.000000,0.000000,0.000000,2142.200000,2130.400000,0.000000,0.000000
2014/05/19,   480.00,0,240,240,0,     0.00, 76442.40,     0.00,  3783.00,     0.00,     0.00,0,0,     -nan,-19140.00,-22923.00,-1627440.00,-1978522.03,     0.00,     0.00,     0.00,-19140.00,     0.00,-22923.001500,0.000000,0.000000,1.000000,0.000000,0.000000,0.000000,0.000000,2099.600000,2088.800000,0.000000,0.000000
2014/05/20,   480.00,0,240,240,0,     0.00, 76262.40,     0.00,  3792.03,     0.00,     0.00,0,0,     -nan,-17400.00,-21192.03,-1644840.00,-1999714.07,     0.00,     0.00,     0.00,-17400.00,     0.00,-21192.034500,0.000000,0.000000,1.000000,0.000000,0.000000,0.000000,0.000000,2099.400000,2087.400000,0.000000,0.000000
2014/05/21,   480.00,0,240,240,0,     0.00, 76593.60,     0.00,  3796.37,     0.00,     0.00,0,0,     -nan,-17640.00,-21436.37,-1662480.00,-2021150.44,     0.00,     0.00,     0.00,-17640.00,     0.00,-21436.372500,0.000000,0.000000,1.000000,0.000000,0.000000,0.000000,0.000000,2119.200000,2109.000000,0.000000,0.000000
2014/05/22,   480.00,0,240,240,0,     0.00, 77436.00,     0.00,  3837.63,     0.00,     0.00,0,0,     -nan,-19320.00,-23157.63,-1681800.00,-2044308.07,     0.00,     0.00,     0.00,-19320.00,     0.00,-23157.627000,0.000000,0.000000,1.000000,0.000000,0.000000,0.000000,0.000000,2114.200000,2103.000000,0.000000,0.000000
2014/05/23,   480.00,0,240,240,0,     0.00, 77061.60,     0.00,  3825.01,     0.00,     0.00,0,0,     -nan,-15060.00,-18885.01,-1696860.00,-2063193.08,     0.00,     0.00,     0.00,-15060.00,     0.00,-18885.009000,0.000000,0.000000,1.000000,0.000000,0.000000,0.000000,0.000000,2143.200000,2131.000000,0.000000,0.000000
2014/05/26,   480.00,0,240,240,0,     0.00, 77832.00,     0.00,  3863.90,     0.00,     0.00,0,0,     -nan,-19440.00,-23303.90,-1716300.00,-2086496.97,     0.00,     0.00,     0.00,-19440.00,     0.00,-23303.895000,0.000000,0.000000,1.000000,0.000000,0.000000,0.000000,0.000000,2148.200000,2137.600000,0.000000,0.000000
2014/05/27,   480.00,0,240,240,0,     0.00, 77565.60,     0.00,  3863.25,     0.00,     0.00,0,0,     -nan,-15420.00,-19283.25,-1731720.00,-2105780.23,     0.00,     0.00,     0.00,-15420.00,     0.00,-19283.254500,0.000000,0.000000,1.000000,0.000000,0.000000,0.000000,0.000000,2142.200000,2133.200000,0.000000,0.000000
2014/05/28,   480.00,0,240,240,0,     0.00, 77911.20,     0.00,  3866.10,     0.00,     0.00,0,0,     -nan,-16320.00,-20186.10,-1748040.00,-2125966.33,     0.00,     0.00,     0.00,-16320.00,     0.00,-20186.103000,0.000000,0.000000,1.000000,0.000000,0.000000,0.000000,0.000000,2173.800000,2163.800000,0.000000,0.000000
2014/05/29,   480.00,0,240,240,0,     0.00, 78206.40,     0.00,  3892.24,     0.00,     0.00,0,0,     -nan,-18720.00,-22612.24,-1766760.00,-2148578.57,     0.00,     0.00,     0.00,-18720.00,     0.00,-22612.236000,0.000000,0.000000,1.000000,0.000000,0.000000,0.000000,0.000000,2153.400000,2143.800000,0.000000,0.000000
2014/05/30,   480.00,0,240,240,0,     0.00, 77954.40,     0.00,  3878.06,     0.00,     0.00,0,0,     -nan,-17640.00,-21518.06,-1784400.00,-2170096.62,     0.00,     0.00,     0.00,-17640.00,     0.00,-21518.058000,0.000000,0.000000,1.000000,0.000000,0.000000,0.000000,0.000000,2147.800000,2138.200000,0.000000,0.000000
2014/06/03,   480.00,0,240,240,0,     0.00, 77803.20,     0.00,  3873.98,     0.00,     0.00,0,0,     -nan,-15780.00,-19653.98,-1800180.00,-2189750.61,     0.00,     0.00,     0.00,-15780.00,     0.00,-19653.984000,0.000000,0.000000,1.000000,0.000000,0.000000,0.000000,0.000000,2139.200000,2130.600000,0.000000,0.000000
2014/06/04,   480.00,0,240,240,0,     0.00, 77061.60,     0.00,  3820.35,     0.00,     0.00,0,0,     -nan,-16680.00,-20500.35,-1816860.00,-2210250.95,     0.00,     0.00,     0.00,-16680.00,     0.00,-20500.345500,0.000000,0.000000,1.000000,0.000000,0.000000,0.000000,0.000000,2125.200000,2116.000000,0.000000,0.000000
2014/06/05,   480.00,0,240,240,0,     0.00, 77457.60,     0.00,  3833.27,     0.00,     0.00,0,0,     -nan,-15960.00,-19793.27,-1832820.00,-2230044.22,     0.00,     0.00,     0.00,-15960.00,     0.00,-19793.269500,0.000000,0.000000,1.000000,0.000000,0.000000,0.000000,0.000000,2149.600000,2139.400000,0.000000,0.000000
2014/06/06,   480.00,0,240,240,0,     0.00, 77313.60,     0.00,  3837.60,     0.00,     0.00,0,0,     -nan,-17820.00,-21657.60,-1850640.00,-2251701.82,     0.00,     0.00,     0.00,-17820.00,     0.00,-21657.597000,0.000000,0.000000,1.000000,0.000000,0.000000,0.000000,0.000000,2125.600000,2116.600000,0.000000,0.000000
2014/06/09,   480.00,0,240,240,0,     0.00, 77472.00,     0.00,  3839.63,     0.00,     0.00,0,0,     -nan,-15660.00,-19499.63,-1866300.00,-2271201.45,     0.00,     0.00,     0.00,-15660.00,     0.00,-19499.626500,0.000000,0.000000,1.000000,0.000000,0.000000,0.000000,0.000000,2128.200000,2120.600000,0.000000,0.000000
2014/06/10,   480.00,0,240,240,0,     0.00, 77702.40,     0.00,  3857.56,     0.00,     0.00,0,0,     -nan,-20880.00,-24737.56,-1887180.00,-2295939.01,     0.00,     0.00,     0.00,-20880.00,     0.00,-24737.560500,0.000000,0.000000,1.000000,0.000000,0.000000,0.000000,0.000000,2157.600000,2149.800000,0.000000,0.000000
2014/06/11,   480.00,0,240,240,0,     0.00, 77644.80,     0.00,  3872.24,     0.00,     0.00,0,0,     -nan,-17880.00,-21752.24,-1905060.00,-2317691.24,     0.00,     0.00,     0.00,-17880.00,     0.00,-21752.238000,0.000000,0.000000,1.000000,0.000000,0.000000,0.000000,0.000000,2151.200000,2144.800000,0.000000,0.000000
2014/06/12,   480.00,0,240,240,0,     0.00, 77688.00,     0.00,  3871.71,     0.00,     0.00,0,0,     -nan,-16800.00,-20671.71,-1921860.00,-2338362.95,     0.00,     0.00,     0.00,-16800.00,     0.00,-20671.707000,0.000000,0.000000,1.000000,0.000000,0.000000,0.000000,0.000000,2150.400000,2142.200000,0.000000,0.000000
2014/06/13,   480.00,0,240,240,0,     0.00, 78688.80,     0.00,  3905.35,     0.00,     0.00,0,0,     -nan,-17220.00,-21125.35,-1939080.00,-2359488.30,     0.00,     0.00,     0.00,-17220.00,     0.00,-21125.347500,0.000000,0.000000,1.000000,0.000000,0.000000,0.000000,0.000000,2177.200000,2171.200000,0.000000,0.000000
2014/06/16,   480.00,0,240,240,0,     0.00, 79185.60,     0.00,  3932.33,     0.00,     0.00,0,0,     -nan,-17340.00,-21272.33,-1956420.00,-2380760.63,     0.00,     0.00,     0.00,-17340.00,     0.00,-21272.332500,0.000000,0.000000,1.000000,0.000000,0.000000,0.000000,0.000000,2186.600000,2181.400000,0.000000,0.000000
2014/06/17,   480.00,0,240,240,0,     0.00, 78638.40,     0.00,  3919.20,     0.00,     0.00,0,0,     -nan,-18240.00,-22159.20,-1974660.00,-2402919.84,     0.00,     0.00,     0.00,-18240.00,     0.00,-22159.204500,0.000000,0.000000,1.000000,0.000000,0.000000,0.000000,0.000000,2173.000000,2167.400000,0.000000,0.000000
2014/06/18,   480.00,0,240,240,0,     0.00, 78451.20,     0.00,  3907.68,     0.00,     0.00,0,0,     -nan,-16500.00,-20407.68,-1991160.00,-2423327.51,     0.00,     0.00,     0.00,-16500.00,     0.00,-20407.678500,0.000000,0.000000,1.000000,0.000000,0.000000,0.000000,0.000000,2164.200000,2159.600000,0.000000,0.000000
2014/06/19,   480.00,0,240,240,0,     0.00, 78098.40,     0.00,  3874.38,     0.00,     0.00,0,0,     -nan,-19140.00,-23014.38,-2010300.00,-2446341.89,     0.00,     0.00,     0.00,-19140.00,     0.00,-23014.380000,0.000000,0.000000,1.000000,0.000000,0.000000,0.000000,0.000000,2135.600000,2130.600000,0.000000,0.000000
2014/06/20,   480.00,0,240,240,0,     0.00, 76982.40,     0.00,  3838.26,     0.00,     0.00,0,0,     -nan,-16920.00,-20758.26,-2027220.00,-2467100.16,     0.00,     0.00,     0.00,-16920.00,     0.00,-20758.263000,0.000000,0.000000,1.000000,0.000000,0.000000,0.000000,0.000000,2130.000000,2132.800000,0.000000,0.000000
2014/06/23,   480.00,0,240,240,0,     0.00, 77284.80,     0.00,  3841.92,     0.00,     0.00,0,0,     -nan,-16740.00,-20581.92,-2043960.00,-2487682.08,     0.00,     0.00,     0.00,-16740.00,     0.00,-20581.923000,0.000000,0.000000,1.000000,0.000000,0.000000,0.000000,0.000000,2123.200000,2126.000000,0.000000,0.000000
2014/06/24,   480.00,0,240,240,0,     0.00, 76975.20,     0.00,  3835.35,     0.00,     0.00,0,0,     -nan,-15000.00,-18835.35,-2058960.00,-2506517.43,     0.00,     0.00,     0.00,-15000.00,     0.00,-18835.345500,0.000000,0.000000,1.000000,0.000000,0.000000,0.000000,0.000000,2132.200000,2136.000000,0.000000,0.000000
2014/06/25,   480.00,0,240,240,0,     0.00, 76672.80,     0.00,  3821.88,     0.00,     0.00,0,0,     -nan,-15480.00,-19301.88,-2074440.00,-2525819.31,     0.00,     0.00,     0.00,-15480.00,     0.00,-19301.884500,0.000000,0.000000,1.000000,0.000000,0.000000,0.000000,0.000000,2126.000000,2128.600000,0.000000,0.000000
2014/06/26,   480.00,0,240,240,0,     0.00, 77256.00,     0.00,  3852.14,     0.00,     0.00,0,0,     -nan,-15180.00,-19032.14,-2089620.00,-2544851.45,     0.00,     0.00,     0.00,-15180.00,     0.00,-19032.139500,0.000000,0.000000,1.000000,0.000000,0.000000,0.000000,0.000000,2135.600000,2137.000000,0.000000,0.000000
2014/06/27,   480.00,0,240,240,0,     0.00, 77587.20,     0.00,  3848.86,     0.00,     0.00,0,0,     -nan,-16320.00,-20168.86,-2105940.00,-2565020.31,     0.00,     0.00,     0.00,-16320.00,     0.00,-20168.859000,0.000000,0.000000,1.000000,0.000000,0.000000,0.000000,0.000000,2142.400000,2147.000000,0.000000,0.000000
2014/06/30,   480.00,0,240,240,0,     0.00, 77932.80,     0.00,  3881.63,     0.00,     0.00,0,0,     -nan,-16380.00,-20261.63,-2122320.00,-2585281.94,     0.00,     0.00,     0.00,-16380.00,     0.00,-20261.632500,0.000000,0.000000,1.000000,0.000000,0.000000,0.000000,0.000000,2154.200000,2157.800000,0.000000,0.000000
2014/07/01,   480.00,0,240,240,0,     0.00, 78019.20,     0.00,  3876.41,     0.00,     0.00,0,0,     -nan,-16440.00,-20316.41,-2138760.00,-2605598.35,     0.00,     0.00,     0.00,-16440.00,     0.00,-20316.408000,0.000000,0.000000,1.000000,0.000000,0.000000,0.000000,0.000000,2156.200000,2157.200000,0.000000,0.000000
2014/07/02,   480.00,0,240,240,0,     0.00, 77839.20,     0.00,  3879.20,     0.00,     0.00,0,0,     -nan,-17400.00,-21279.20,-2156160.00,-2626877.55,     0.00,     0.00,     0.00,-17400.00,     0.00,-21279.201000,0.000000,0.000000,1.000000,0.000000,0.000000,0.000000,0.000000,2163.200000,2165.000000,0.000000,0.000000
2014/07/03,   480.00,0,240,240,0,     0.00, 78350.40,     0.00,  3902.03,     0.00,     0.00,0,0,     -nan,-17580.00,-21482.03,-2173740.00,-2648359.58,     0.00,     0.00,     0.00,-17580.00,     0.00,-21482.028000,0.000000,0.000000,1.000000,0.000000,0.000000,0.000000,0.000000,2167.400000,2169.200000,0.000000,0.000000
2014/07/04,   480.00,0,240,240,0,     0.00, 78192.00,     0.00,  3899.17,     0.00,     0.00,0,0,     -nan,-16920.00,-20819.17,-2190660.00,-2669178.74,     0.00,     0.00,     0.00,-16920.00,     0.00,-20819.166000,0.000000,0.000000,1.000000,0.000000,0.000000,0.000000,0.000000,2166.600000,2167.800000,0.000000,0.000000
2014/07/07,   480.00,0,240,240,0,     0.00, 78228.00,     0.00,  3897.18,     0.00,     0.00,0,0,     -nan,-15840.00,-19737.18,-2206500.00,-2688915.93,     0.00,     0.00,     0.00,-15840.00,     0.00,-19737.184500,0.000000,0.000000,1.000000,0.000000,0.000000,0.000000,0.000000,2163.200000,2162.800000,0.000000,0.000000
2014/07/08,   480.00,0,240,240,0,     0.00, 78012.00,     0.00,  3889.02,     0.00,     0.00,0,0,     -nan,-16200.00,-20089.02,-2222700.00,-2709004.95,     0.00,     0.00,     0.00,-16200.00,     0.00,-20089.023000,0.000000,0.000000,1.000000,0.000000,0.000000,0.000000,0.000000,2167.000000,2166.400000,0.000000,0.000000
2014/07/09,   480.00,0,240,240,0,     0.00, 78019.20,     0.00,  3879.35,     0.00,     0.00,0,0,     -nan,-16620.00,-20499.35,-2239320.00,-2729504.30,     0.00,     0.00,     0.00,-16620.00,     0.00,-20499.348000,0.000000,0.000000,1.000000,0.000000,0.000000,0.000000,0.000000,2132.200000,2132.200000,0.000000,0.000000
2014/07/10,   480.00,0,240,240,0,     0.00, 77054.40,     0.00,  3845.72,     0.00,     0.00,0,0,     -nan,-14580.00,-18425.72,-2253900.00,-2747930.02,     0.00,     0.00,     0.00,-14580.00,     0.00,-18425.716500,0.000000,0.000000,1.000000,0.000000,0.000000,0.000000,0.000000,2133.200000,2131.800000,0.000000,0.000000
2014/07/11,   480.00,0,240,240,0,     0.00, 77421.60,     0.00,  3856.53,     0.00,     0.00,0,0,     -nan,-17280.00,-21136.53,-2271180.00,-2769066.54,     0.00,     0.00,     0.00,-17280.00,     0.00,-21136.525500,0.000000,0.000000,1.000000,0.000000,0.000000,0.000000,0.000000,2138.000000,2137.600000,0.000000,0.000000
2014/07/14,   480.00,0,240,240,0,     0.00, 77954.40,     0.00,  3871.77,     0.00,     0.00,0,0,     -nan,-15660.00,-19531.77,-2286840.00,-2788598.32,     0.00,     0.00,     0.00,-15660.00,     0.00,-19531.774500,0.000000,0.000000,1.000000,0.000000,0.000000,0.000000,0.000000,2162.400000,2162.800000,0.000000,0.000000
2014/07/15,   480.00,0,240,240,0,     0.00, 78055.20,     0.00,  3895.07,     0.00,     0.00,0,0,     -nan,-16320.00,-20215.07,-2303160.00,-2808813.39,     0.00,     0.00,     0.00,-16320.00,     0.00,-20215.069500,0.000000,0.000000,1.000000,0.000000,0.000000,0.000000,0.000000,2163.000000,2161.800000,0.000000,0.000000
2014/07/16,   480.00,0,240,240,0,     0.00, 78292.80,     0.00,  3900.47,     0.00,     0.00,0,0,     -nan,-15900.00,-19800.47,-2319060.00,-2828613.85,     0.00,     0.00,     0.00,-15900.00,     0.00,-19800.466500,0.000000,0.000000,1.000000,0.000000,0.000000,0.000000,0.000000,2163.400000,2160.200000,0.000000,0.000000
2014/07/17,   480.00,0,240,240,0,     0.00, 77738.40,     0.00,  3873.69,     0.00,     0.00,0,0,     -nan,-16680.00,-20553.69,-2335740.00,-2849167.54,     0.00,     0.00,     0.00,-16680.00,     0.00,-20553.687000,0.000000,0.000000,1.000000,0.000000,0.000000,0.000000,0.000000,2155.800000,2152.600000,0.000000,0.000000
2014/07/18,   480.00,0,240,240,0,     0.00, 78184.80,     0.00,  3895.62,     0.00,     0.00,0,0,     -nan,-15840.00,-19735.62,-2351580.00,-2868903.16,     0.00,     0.00,     0.00,-15840.00,     0.00,-19735.620000,0.000000,0.000000,1.000000,0.000000,0.000000,0.000000,0.000000,2167.400000,2158.800000,0.000000,0.000000
2014/07/21,   480.00,0,240,240,0,     0.00, 77911.20,     0.00,  3884.84,     0.00,     0.00,0,0,     -nan,-16260.00,-20144.84,-2367840.00,-2889048.00,     0.00,     0.00,     0.00,-16260.00,     0.00,-20144.842500,0.000000,0.000000,1.000000,0.000000,0.000000,0.000000,0.000000,2157.400000,2158.800000,0.000000,0.000000
2014/07/22,   480.00,0,240,240,0,     0.00, 79005.60,     0.00,  3923.90,     0.00,     0.00,0,0,     -nan,-16680.00,-20603.90,-2384520.00,-2909651.90,     0.00,     0.00,     0.00,-16680.00,     0.00,-20603.896500,0.000000,0.000000,1.000000,0.000000,0.000000,0.000000,0.000000,2186.400000,2189.000000,0.000000,0.000000
2014/07/23,   480.00,0,240,240,0,     0.00, 79372.80,     0.00,  3946.27,     0.00,     0.00,0,0,     -nan,-16380.00,-20326.27,-2400900.00,-2929978.17,     0.00,     0.00,     0.00,-16380.00,     0.00,-20326.267500,0.000000,0.000000,1.000000,0.000000,0.000000,0.000000,0.000000,2190.600000,2192.000000,0.000000,0.000000
2014/07/24,   480.00,0,240,240,0,     0.00, 80618.40,     0.00,  4006.65,     0.00,     0.00,0,0,     -nan,-16620.00,-20626.65,-2417520.00,-2950604.82,     0.00,     0.00,     0.00,-16620.00,     0.00,-20626.651500,0.000000,0.000000,1.000000,0.000000,0.000000,0.000000,0.000000,2240.400000,2244.400000,0.000000,0.000000
2014/07/25,   480.00,0,240,240,0,     0.00, 81756.00,     0.00,  4045.68,     0.00,     0.00,0,0,     -nan,-16020.00,-20065.68,-2433540.00,-2970670.50,     0.00,     0.00,     0.00,-16020.00,     0.00,-20065.680000,0.000000,0.000000,1.000000,0.000000,0.000000,0.000000,0.000000,2274.600000,2280.000000,0.000000,0.000000
2014/07/28,   480.00,0,240,240,0,     0.00, 84852.00,     0.00,  4187.12,     0.00,     0.00,0,0,     -nan,-21600.00,-25787.12,-2455140.00,-2996457.62,     0.00,     0.00,     0.00,-21600.00,     0.00,-25787.121000,0.000000,0.000000,1.000000,0.000000,0.000000,0.000000,0.000000,2336.400000,2341.200000,0.000000,0.000000
2014/07/29,   480.00,0,240,240,0,     0.00, 84801.60,     0.00,  4211.19,     0.00,     0.00,0,0,     -nan,-15780.00,-19991.19,-2470920.00,-3016448.81,     0.00,     0.00,     0.00,-15780.00,     0.00,-19991.193000,0.000000,0.000000,1.000000,0.000000,0.000000,0.000000,0.000000,2335.400000,2341.800000,0.000000,0.000000
2014/07/30,   480.00,0,240,240,0,     0.00, 84484.80,     0.00,  4203.54,     0.00,     0.00,0,0,     -nan,-15240.00,-19443.54,-2486160.00,-3035892.35,     0.00,     0.00,     0.00,-15240.00,     0.00,-19443.543000,0.000000,0.000000,1.000000,0.000000,0.000000,0.000000,0.000000,2328.800000,2335.800000,0.000000,0.000000
2014/07/31,   480.00,0,240,240,0,     0.00, 85212.00,     0.00,  4208.92,     0.00,     0.00,0,0,     -nan,-15240.00,-19448.92,-2501400.00,-3055341.27,     0.00,     0.00,     0.00,-15240.00,     0.00,-19448.917500,0.000000,0.000000,1.000000,0.000000,0.000000,0.000000,0.000000,2370.800000,2379.200000,0.000000,0.000000
2014/08/01,   480.00,0,240,240,0,     0.00, 85946.40,     0.00,  4256.34,     0.00,     0.00,0,0,     -nan,-17580.00,-21836.34,-2518980.00,-3077177.61,     0.00,     0.00,     0.00,-17580.00,     0.00,-21836.340000,0.000000,0.000000,1.000000,0.000000,0.000000,0.000000,0.000000,2342.600000,2349.200000,0.000000,0.000000
2014/08/04,   480.00,0,240,240,0,     0.00, 86025.60,     0.00,  4262.45,     0.00,     0.00,0,0,     -nan,-15360.00,-19622.45,-2534340.00,-3096800.07,     0.00,     0.00,     0.00,-15360.00,     0.00,-19622.454000,0.000000,0.000000,1.000000,0.000000,0.000000,0.000000,0.000000,2386.400000,2396.200000,0.000000,0.000000
2014/08/05,   480.00,0,240,240,0,     0.00, 86148.00,     0.00,  4270.83,     0.00,     0.00,0,0,     -nan,-18840.00,-23110.83,-2553180.00,-3119910.89,     0.00,     0.00,     0.00,-18840.00,     0.00,-23110.825500,0.000000,0.000000,1.000000,0.000000,0.000000,0.000000,0.000000,2368.000000,2376.600000,0.000000,0.000000
2014/08/06,   480.00,0,240,240,0,     0.00, 85564.80,     0.00,  4246.32,     0.00,     0.00,0,0,     -nan,-16680.00,-20926.32,-2569860.00,-3140837.21,     0.00,     0.00,     0.00,-16680.00,     0.00,-20926.317000,0.000000,0.000000,1.000000,0.000000,0.000000,0.000000,0.000000,2362.000000,2369.000000,0.000000,0.000000
2014/08/07,   480.00,0,240,240,0,     0.00, 85507.20,     0.00,  4232.52,     0.00,     0.00,0,0,     -nan,-18120.00,-22352.52,-2587980.00,-3163189.73,     0.00,     0.00,     0.00,-18120.00,     0.00,-22352.518500,0.000000,0.000000,1.000000,0.000000,0.000000,0.000000,0.000000,2334.400000,2342.400000,0.000000,0.000000
2014/08/08,   480.00,0,240,240,0,     0.00, 84556.80,     0.00,  4208.21,     0.00,     0.00,0,0,     -nan,-16680.00,-20888.21,-2604660.00,-3184077.93,     0.00,     0.00,     0.00,-16680.00,     0.00,-20888.206500,0.000000,0.000000,1.000000,0.000000,0.000000,0.000000,0.000000,2338.600000,2345.200000,0.000000,0.000000
2014/08/11,   480.00,0,240,240,0,     0.00, 85528.80,     0.00,  4257.30,     0.00,     0.00,0,0,     -nan,-17400.00,-21657.30,-2622060.00,-3205735.24,     0.00,     0.00,     0.00,-17400.00,     0.00,-21657.303000,0.000000,0.000000,1.000000,0.000000,0.000000,0.000000,0.000000,2360.000000,2367.000000,0.000000,0.000000
2014/08/12,   480.00,0,240,240,0,     0.00, 85010.40,     0.00,  4237.05,     0.00,     0.00,0,0,     -nan,-16680.00,-20917.05,-2638740.00,-3226652.29,     0.00,     0.00,     0.00,-16680.00,     0.00,-20917.051500,0.000000,0.000000,1.000000,0.000000,0.000000,0.000000,0.000000,2365.800000,2373.600000,0.000000,0.000000
2014/08/13,   480.00,0,240,240,0,     0.00, 85435.20,     0.00,  4235.39,     0.00,     0.00,0,0,     -nan,-17460.00,-21695.39,-2656200.00,-3248347.68,     0.00,     0.00,     0.00,-17460.00,     0.00,-21695.388000,0.000000,0.000000,1.000000,0.000000,0.000000,0.000000,0.000000,2358.800000,2368.400000,0.000000,0.000000
2014/08/14,   480.00,0,240,240,0,     0.00, 85154.40,     0.00,  4235.64,     0.00,     0.00,0,0,     -nan,-18180.00,-22415.64,-2674380.00,-3270763.32,     0.00,     0.00,     0.00,-18180.00,     0.00,-22415.643000,0.000000,0.000000,1.000000,0.000000,0.000000,0.000000,0.000000,2335.600000,2345.200000,0.000000,0.000000
2014/08/15,   480.00,0,240,240,0,     0.00, 85132.80,     0.00,  4234.47,     0.00,     0.00,0,0,     -nan,-17520.00,-21754.47,-2691900.00,-3292517.79,     0.00,     0.00,     0.00,-17520.00,     0.00,-21754.471500,0.000000,0.000000,1.000000,0.000000,0.000000,0.000000,0.000000,2360.200000,2378.000000,0.000000,0.000000
2014/08/18,   480.00,0,240,240,0,     0.00, 86148.00,     0.00,  4279.52,     0.00,     0.00,0,0,     -nan,-18000.00,-22279.51,-2709900.00,-3314797.31,     0.00,     0.00,     0.00,-18000.00,     0.00,-22279.515000,0.000000,0.000000,1.000000,0.000000,0.000000,0.000000,0.000000,2376.000000,2382.000000,0.000000,0.000000
2014/08/19,   480.00,0,240,240,0,     0.00, 85752.00,     0.00,  4272.38,     0.00,     0.00,0,0,     -nan,-15600.00,-19872.38,-2725500.00,-3334669.69,     0.00,     0.00,     0.00,-15600.00,     0.00,-19872.382500,0.000000,0.000000,1.000000,0.000000,0.000000,0.000000,0.000000,2374.000000,2379.000000,0.000000,0.000000
2014/08/20,   480.00,0,240,240,0,     0.00, 85608.00,     0.00,  4264.30,     0.00,     0.00,0,0,     -nan,-17700.00,-21964.30,-2743200.00,-3356633.99,     0.00,     0.00,     0.00,-17700.00,     0.00,-21964.305000,0.000000,0.000000,1.000000,0.000000,0.000000,0.000000,0.000000,2364.000000,2370.000000,0.000000,0.000000
2014/08/21,   480.00,0,240,240,0,     0.00, 85248.00,     0.00,  4231.13,     0.00,     0.00,0,0,     -nan,-16800.00,-21031.13,-2760000.00,-3377665.12,     0.00,     0.00,     0.00,-16800.00,     0.00,-21031.125000,0.000000,0.000000,1.000000,0.000000,0.000000,0.000000,0.000000,2355.000000,2360.000000,0.000000,0.000000
2014/08/22,   480.00,0,240,240,0,     0.00, 85428.00,     0.00,  4251.59,     0.00,     0.00,0,0,     -nan,-18900.00,-23151.59,-2778900.00,-3400816.70,     0.00,     0.00,     0.00,-18900.00,     0.00,-23151.585000,0.000000,0.000000,1.000000,0.000000,0.000000,0.000000,0.000000,2372.000000,2378.000000,0.000000,0.000000
2014/08/25,   480.00,0,240,240,0,     0.00, 85392.00,     0.00,  4237.37,     0.00,     0.00,0,0,     -nan,-23100.00,-27337.37,-2802000.00,-3428154.08,     0.00,     0.00,     0.00,-23100.00,     0.00,-27337.372500,0.000000,0.000000,1.000000,0.000000,0.000000,0.000000,0.000000,2348.000000,2355.000000,0.000000,0.000000
2014/08/26,   480.00,0,240,240,0,     0.00, 84794.40,     0.00,  4218.30,     0.00,     0.00,0,0,     -nan,-16980.00,-21198.30,-2818980.00,-3449352.38,     0.00,     0.00,     0.00,-16980.00,     0.00,-21198.300000,0.000000,0.000000,1.000000,0.000000,0.000000,0.000000,0.000000,2337.600000,2344.600000,0.000000,0.000000
2014/08/27,   480.00,0,240,240,0,     0.00, 84484.80,     0.00,  4212.64,     0.00,     0.00,0,0,     -nan,-15900.00,-20112.64,-2834880.00,-3469465.02,     0.00,     0.00,     0.00,-15900.00,     0.00,-20112.640500,0.000000,0.000000,1.000000,0.000000,0.000000,0.000000,0.000000,2336.000000,2343.200000,0.000000,0.000000
2014/08/28,   480.00,0,240,240,0,     0.00, 84348.00,     0.00,  4199.82,     0.00,     0.00,0,0,     -nan,-16200.00,-20399.82,-2851080.00,-3489864.84,     0.00,     0.00,     0.00,-16200.00,     0.00,-20399.820000,0.000000,0.000000,1.000000,0.000000,0.000000,0.000000,0.000000,2330.600000,2339.200000,0.000000,0.000000
2014/08/29,   480.00,0,240,240,0,     0.00, 84664.80,     0.00,  4208.24,     0.00,     0.00,0,0,     -nan,-15420.00,-19628.24,-2866500.00,-3509493.08,     0.00,     0.00,     0.00,-15420.00,     0.00,-19628.242500,0.000000,0.000000,1.000000,0.000000,0.000000,0.000000,0.000000,2351.600000,2357.600000,0.000000,0.000000
2014/09/01,   480.00,0,240,240,0,     0.00, 84888.00,     0.00,  4233.62,     0.00,     0.00,0,0,     -nan,-15900.00,-20133.62,-2882400.00,-3529626.70,     0.00,     0.00,     0.00,-15900.00,     0.00,-20133.622500,0.000000,0.000000,1.000000,0.000000,0.000000,0.000000,0.000000,2349.600000,2355.400000,0.000000,0.000000
2014/09/02,   480.00,0,240,240,0,     0.00, 86205.60,     0.00,  4253.14,     0.00,     0.00,0,0,     -nan,-14880.00,-19133.14,-2897280.00,-3548759.84,     0.00,     0.00,     0.00,-14880.00,     0.00,-19133.136000,0.000000,0.000000,1.000000,0.000000,0.000000,0.000000,0.000000,2389.400000,2397.000000,0.000000,0.000000
2014/09/03,   480.00,0,240,240,0,     0.00, 87242.40,     0.00,  4345.87,     0.00,     0.00,0,0,     -nan,-15300.00,-19645.87,-2912580.00,-3568405.71,     0.00,     0.00,     0.00,-15300.00,     0.00,-19645.869000,0.000000,0.000000,1.000000,0.000000,0.000000,0.000000,0.000000,2411.600000,2419.200000,0.000000,0.000000
2014/09/04,   480.00,0,240,240,0,     0.00, 87868.80,     0.00,  4359.82,     0.00,     0.00,0,0,     -nan,-16080.00,-20439.83,-2928660.00,-3588845.53,     0.00,     0.00,     0.00,-16080.00,     0.00,-20439.825000,0.000000,0.000000,1.000000,0.000000,0.000000,0.000000,0.000000,2445.600000,2451.400000,0.000000,0.000000
2014/09/05,   480.00,0,240,240,0,     0.00, 89100.00,     0.00,  4417.45,     0.00,     0.00,0,0,     -nan,-17100.00,-21517.45,-2945760.00,-3610362.98,     0.00,     0.00,     0.00,-17100.00,     0.00,-21517.446000,0.000000,0.000000,1.000000,0.000000,0.000000,0.000000,0.000000,2470.200000,2476.600000,0.000000,0.000000
2014/09/09,   480.00,0,240,240,0,     0.00, 88912.80,     0.00,  4424.37,     0.00,     0.00,0,0,     -nan,-16560.00,-20984.37,-2962320.00,-3631347.35,     0.00,     0.00,     0.00,-16560.00,     0.00,-20984.374500,0.000000,0.000000,1.000000,0.000000,0.000000,0.000000,0.000000,2457.600000,2466.000000,0.000000,0.000000
2014/09/10,   480.00,0,240,240,0,     0.00, 88005.60,     0.00,  4389.04,     0.00,     0.00,0,0,     -nan,-15720.00,-20109.04,-2978040.00,-3651456.39,     0.00,     0.00,     0.00,-15720.00,     0.00,-20109.039000,0.000000,0.000000,1.000000,0.000000,0.000000,0.000000,0.000000,2441.400000,2448.400000,0.000000,0.000000
2014/09/11,   480.00,0,240,240,0,     0.00, 89064.00,     0.00,  4396.24,     0.00,     0.00,0,0,     -nan,-15420.00,-19816.24,-2993460.00,-3671272.63,     0.00,     0.00,     0.00,-15420.00,     0.00,-19816.236000,0.000000,0.000000,1.000000,0.000000,0.000000,0.000000,0.000000,2418.000000,2425.000000,0.000000,0.000000
2014/09/12,   480.00,0,240,240,0,     0.00, 88012.80,     0.00,  4375.34,     0.00,     0.00,0,0,     -nan,-13380.00,-17755.34,-3006840.00,-3689027.97,     0.00,     0.00,     0.00,-13380.00,     0.00,-17755.341000,0.000000,0.000000,1.000000,0.000000,0.000000,0.000000,0.000000,2439.200000,2446.600000,0.000000,0.000000
2014/09/15,   480.00,0,240,240,0,     0.00, 87890.40,     0.00,  4377.90,     0.00,     0.00,0,0,     -nan,-16500.00,-20877.90,-3023340.00,-3709905.87,     0.00,     0.00,     0.00,-16500.00,     0.00,-20877.903000,0.000000,0.000000,1.000000,0.000000,0.000000,0.000000,0.000000,2433.000000,2441.000000,0.000000,0.000000
2014/09/16,   480.00,0,240,240,0,     0.00, 88221.60,     0.00,  4369.30,     0.00,     0.00,0,0,     -nan,-19740.00,-24109.30,-3043080.00,-3734015.17,     0.00,     0.00,     0.00,-19740.00,     0.00,-24109.302000,0.000000,0.000000,1.000000,0.000000,0.000000,0.000000,0.000000,2394.200000,2399.800000,0.000000,0.000000
2014/09/17,   480.00,0,240,240,0,     0.00, 86630.40,     0.00,  4321.95,     0.00,     0.00,0,0,     -nan,-14700.00,-19021.95,-3057780.00,-3753037.12,     0.00,     0.00,     0.00,-14700.00,     0.00,-19021.945500,0.000000,0.000000,1.000000,0.000000,0.000000,0.000000,0.000000,2400.400000,2408.000000,0.000000,0.000000
2014/09/18,   480.00,0,240,240,0,     0.00, 86904.00,     0.00,  4325.91,     0.00,     0.00,0,0,     -nan,-20040.00,-24365.91,-3077820.00,-3777403.03,     0.00,     0.00,     0.00,-20040.00,     0.00,-24365.908500,0.000000,0.000000,1.000000,0.000000,0.000000,0.000000,0.000000,2405.800000,2414.000000,0.000000,0.000000
2014/09/19,   480.00,0,240,240,0,     0.00, 87156.00,     0.00,  4343.08,     0.00,     0.00,0,0,     -nan,-19680.00,-24023.08,-3097500.00,-3801426.11,     0.00,     0.00,     0.00,-19680.00,     0.00,-24023.082000,0.000000,0.000000,1.000000,0.000000,0.000000,0.000000,0.000000,2419.400000,2441.400000,0.000000,0.000000
2014/09/22,   480.00,0,240,240,0,     0.00, 87408.00,     0.00,  4317.71,     0.00,     0.00,0,0,     -nan,-19620.00,-23937.71,-3117120.00,-3825363.82,     0.00,     0.00,     0.00,-19620.00,     0.00,-23937.709500,0.000000,0.000000,1.000000,0.000000,0.000000,0.000000,0.000000,2389.200000,2395.600000,0.000000,0.000000
2014/09/23,   480.00,0,240,240,0,     0.00, 86997.60,     0.00,  4326.44,     0.00,     0.00,0,0,     -nan,-16920.00,-21246.44,-3134040.00,-3846610.26,     0.00,     0.00,     0.00,-16920.00,     0.00,-21246.438000,0.000000,0.000000,1.000000,0.000000,0.000000,0.000000,0.000000,2403.800000,2411.000000,0.000000,0.000000
2014/09/24,   480.00,0,240,240,0,     0.00, 88869.60,     0.00,  4387.31,     0.00,     0.00,0,0,     -nan,-15060.00,-19447.31,-3149100.00,-3866057.57,     0.00,     0.00,     0.00,-15060.00,     0.00,-19447.309500,0.000000,0.000000,1.000000,0.000000,0.000000,0.000000,0.000000,2468.400000,2475.400000,0.000000,0.000000
2014/09/25,   480.00,0,240,240,0,     0.00, 89568.00,     0.00,  4457.65,     0.00,     0.00,0,0,     -nan,-16920.00,-21377.65,-3166020.00,-3887435.22,     0.00,     0.00,     0.00,-16920.00,     0.00,-21377.655000,0.000000,0.000000,1.000000,0.000000,0.000000,0.000000,0.000000,2474.800000,2482.400000,0.000000,0.000000
2014/09/26,   480.00,0,240,240,0,     0.00, 88660.80,     0.00,  4412.40,     0.00,     0.00,0,0,     -nan,-15480.00,-19892.40,-3181500.00,-3907327.62,     0.00,     0.00,     0.00,-15480.00,     0.00,-19892.404500,0.000000,0.000000,1.000000,0.000000,0.000000,0.000000,0.000000,2450.800000,2458.400000,0.000000,0.000000
2014/09/29,   480.00,0,240,240,0,     0.00, 88567.20,     0.00,  4416.69,     0.00,     0.00,0,0,     -nan,-17580.00,-21996.69,-3199080.00,-3929324.31,     0.00,     0.00,     0.00,-17580.00,     0.00,-21996.685500,0.000000,0.000000,1.000000,0.000000,0.000000,0.000000,0.000000,2455.200000,2460.400000,0.000000,0.000000
2014/09/30,   480.00,0,240,240,0,     0.00, 88732.80,     0.00,  4423.19,     0.00,     0.00,0,0,     -nan,-17640.00,-22063.19,-3216720.00,-3951387.50,     0.00,     0.00,     0.00,-17640.00,     0.00,-22063.186500,0.000000,0.000000,1.000000,0.000000,0.000000,0.000000,0.000000,2453.200000,2461.800000,0.000000,0.000000
2014/10/08,   480.00,0,240,240,0,     0.00, 89294.40,     0.00,  4438.48,     0.00,     0.00,0,0,     -nan,-15600.00,-20038.48,-3232320.00,-3971425.98,     0.00,     0.00,     0.00,-15600.00,     0.00,-20038.483500,0.000000,0.000000,1.000000,0.000000,0.000000,0.000000,0.000000,2483.600000,2490.000000,0.000000,0.000000
2014/10/09,   480.00,0,240,240,0,     0.00, 89805.60,     0.00,  4466.84,     0.00,     0.00,0,0,     -nan,-16680.00,-21146.84,-3249000.00,-3992572.82,     0.00,     0.00,     0.00,-16680.00,     0.00,-21146.842500,0.000000,0.000000,1.000000,0.000000,0.000000,0.000000,0.000000,2475.000000,2481.600000,0.000000,0.000000
2014/10/10,   480.00,0,240,240,0,     0.00, 89344.80,     0.00,  4445.92,     0.00,     0.00,0,0,     -nan,-15480.00,-19925.92,-3264480.00,-4012498.74,     0.00,     0.00,     0.00,-15480.00,     0.00,-19925.917500,0.000000,0.000000,1.000000,0.000000,0.000000,0.000000,0.000000,2469.800000,2474.600000,0.000000,0.000000
2014/10/13,   480.00,0,240,240,0,     0.00, 88567.20,     0.00,  4396.87,     0.00,     0.00,0,0,     -nan,-17700.00,-22096.87,-3282180.00,-4034595.61,     0.00,     0.00,     0.00,-17700.00,     0.00,-22096.870500,0.000000,0.000000,1.000000,0.000000,0.000000,0.000000,0.000000,2454.400000,2460.200000,0.000000,0.000000
2014/10/14,   480.00,0,240,240,0,     0.00, 88639.20,     0.00,  4402.96,     0.00,     0.00,0,0,     -nan,-18360.00,-22762.96,-3300540.00,-4057358.57,     0.00,     0.00,     0.00,-18360.00,     0.00,-22762.956000,0.000000,0.000000,1.000000,0.000000,0.000000,0.000000,0.000000,2438.600000,2442.600000,0.000000,0.000000
2014/10/15,   480.00,0,240,240,0,     0.00, 88682.40,     0.00,  4404.30,     0.00,     0.00,0,0,     -nan,-18360.00,-22764.30,-3318900.00,-4080122.87,     0.00,     0.00,     0.00,-18360.00,     0.00,-22764.298500,0.000000,0.000000,1.000000,0.000000,0.000000,0.000000,0.000000,2455.000000,2458.800000,0.000000,0.000000
2014/10/16,   480.00,0,240,240,0,     0.00, 89042.40,     0.00,  4422.54,     0.00,     0.00,0,0,     -nan,-18060.00,-22482.54,-3336960.00,-4102605.40,     0.00,     0.00,     0.00,-18060.00,     0.00,-22482.537000,0.000000,0.000000,1.000000,0.000000,0.000000,0.000000,0.000000,2446.600000,2450.800000,0.000000,0.000000
2014/10/17,   480.00,0,240,240,0,     0.00, 88293.60,     0.00,  4384.78,     0.00,     0.00,0,0,     -nan,-18540.00,-22924.78,-3355500.00,-4125530.18,     0.00,     0.00,     0.00,-18540.00,     0.00,-22924.779000,0.000000,0.000000,1.000000,0.000000,0.000000,0.000000,0.000000,2438.000000,2444.400000,0.000000,0.000000
2014/10/20,   480.00,0,240,240,0,     0.00, 88516.80,     0.00,  4417.07,     0.00,     0.00,0,0,     -nan,-16860.00,-21277.06,-3372360.00,-4146807.25,     0.00,     0.00,     0.00,-16860.00,     0.00,-21277.065000,0.000000,0.000000,1.000000,0.000000,0.000000,0.000000,0.000000,2453.800000,2458.800000,0.000000,0.000000
2014/10/21,   480.00,0,240,240,0,     0.00, 88610.40,     0.00,  4410.11,     0.00,     0.00,0,0,     -nan,-18060.00,-22470.11,-3390420.00,-4169277.36,     0.00,     0.00,     0.00,-18060.00,     0.00,-22470.114000,0.000000,0.000000,1.000000,0.000000,0.000000,0.000000,0.000000,2439.400000,2443.800000,0.000000,0.000000
2014/10/22,   480.00,0,240,240,0,     0.00, 88264.80,     0.00,  4392.14,     0.00,     0.00,0,0,     -nan,-18180.00,-22572.14,-3408600.00,-4191849.50,     0.00,     0.00,     0.00,-18180.00,     0.00,-22572.141000,0.000000,0.000000,1.000000,0.000000,0.000000,0.000000,0.000000,2428.600000,2433.400000,0.000000,0.000000
2014/10/23,   480.00,0,240,240,0,     0.00, 87696.00,     0.00,  4353.47,     0.00,     0.00,0,0,     -nan,-16740.00,-21093.47,-3425340.00,-4212942.97,     0.00,     0.00,     0.00,-16740.00,     0.00,-21093.466500,0.000000,0.000000,1.000000,0.000000,0.000000,0.000000,0.000000,2405.600000,2409.800000,0.000000,0.000000
2014/10/24,   480.00,0,240,240,0,     0.00, 86846.40,     0.00,  4331.85,     0.00,     0.00,0,0,     -nan,-16020.00,-20351.85,-3441360.00,-4233294.82,     0.00,     0.00,     0.00,-16020.00,     0.00,-20351.854500,0.000000,0.000000,1.000000,0.000000,0.000000,0.000000,0.000000,2396.600000,2402.800000,0.000000,0.000000
2014/10/27,   480.00,0,240,240,0,     0.00, 85903.20,     0.00,  4282.67,     0.00,     0.00,0,0,     -nan,-16200.00,-20482.67,-3457560.00,-4253777.49,     0.00,     0.00,     0.00,-16200.00,     0.00,-20482.672500,0.000000,0.000000,1.000000,0.000000,0.000000,0.000000,0.000000,2381.000000,2386.400000,0.000000,0.000000
2014/10/28,   480.00,0,240,240,0,     0.00, 87321.60,     0.00,  4319.55,     0.00,     0.00,0,0,     -nan,-15600.00,-19919.55,-3473160.00,-4273697.04,     0.00,     0.00,     0.00,-15600.00,     0.00,-19919.545500,0.000000,0.000000,1.000000,0.000000,0.000000,0.000000,0.000000,2425.800000,2431.400000,0.000000,0.000000
2014/10/29,   480.00,0,240,240,0,     0.00, 88891.20,     0.00,  4397.26,     0.00,     0.00,0,0,     -nan,-18480.00,-22877.26,-3491640.00,-4296574.30,     0.00,     0.00,     0.00,-18480.00,     0.00,-22877.262000,0.000000,0.000000,1.000000,0.000000,0.000000,0.000000,0.000000,2457.600000,2464.200000,0.000000,0.000000
2014/10/30,   480.00,0,240,240,0,     0.00, 89006.40,     0.00,  4428.43,     0.00,     0.00,0,0,     -nan,-15360.00,-19788.43,-3507000.00,-4316362.73,     0.00,     0.00,     0.00,-15360.00,     0.00,-19788.426000,0.000000,0.000000,1.000000,0.000000,0.000000,0.000000,0.000000,2469.600000,2474.200000,0.000000,0.000000
2014/10/31,   480.00,0,240,240,0,     0.00, 90878.40,     0.00,  4494.81,     0.00,     0.00,0,0,     -nan,-17400.00,-21894.81,-3524400.00,-4338257.53,     0.00,     0.00,     0.00,-17400.00,     0.00,-21894.805500,0.000000,0.000000,1.000000,0.000000,0.000000,0.000000,0.000000,2523.200000,2528.200000,0.000000,0.000000
2014/11/03,   480.00,0,240,240,0,     0.00, 91036.80,     0.00,  4538.72,     0.00,     0.00,0,0,     -nan,-17880.00,-22418.72,-3542280.00,-4360676.25,     0.00,     0.00,     0.00,-17880.00,     0.00,-22418.719500,0.000000,0.000000,1.000000,0.000000,0.000000,0.000000,0.000000,2511.200000,2517.000000,0.000000,0.000000
2014/11/04,   480.00,0,240,240,0,     0.00, 90604.80,     0.00,  4521.02,     0.00,     0.00,0,0,     -nan,-14820.00,-19341.02,-3557100.00,-4380017.28,     0.00,     0.00,     0.00,-14820.00,     0.00,-19341.024000,0.000000,0.000000,1.000000,0.000000,0.000000,0.000000,0.000000,2511.000000,2516.400000,0.000000,0.000000
2014/11/05,   480.00,0,240,240,0,     0.00, 90864.00,     0.00,  4518.63,     0.00,     0.00,0,0,     -nan,-16080.00,-20598.63,-3573180.00,-4400615.90,     0.00,     0.00,     0.00,-16080.00,     0.00,-20598.625500,0.000000,0.000000,1.000000,0.000000,0.000000,0.000000,0.000000,2515.200000,2519.400000,0.000000,0.000000
2014/11/06,   480.00,0,240,240,0,     0.00, 90662.40,     0.00,  4512.02,     0.00,     0.00,0,0,     -nan,-15960.00,-20472.02,-3589140.00,-4421087.92,     0.00,     0.00,     0.00,-15960.00,     0.00,-20472.016500,0.000000,0.000000,1.000000,0.000000,0.000000,0.000000,0.000000,2517.200000,2523.000000,0.000000,0.000000
2014/11/07,   480.00,0,240,240,0,     0.00, 91749.60,     0.00,  4534.51,     0.00,     0.00,0,0,     -nan,-16740.00,-21274.51,-3605880.00,-4442362.43,     0.00,     0.00,     0.00,-16740.00,     0.00,-21274.512000,0.000000,0.000000,1.000000,0.000000,0.000000,0.000000,0.000000,2496.400000,2502.200000,0.000000,0.000000
2014/11/10,   480.00,0,240,240,0,     0.00, 92282.40,     0.00,  4561.61,     0.00,     0.00,0,0,     -nan,-14580.00,-19141.61,-3620460.00,-4461504.04,     0.00,     0.00,     0.00,-14580.00,     0.00,-19141.612500,0.000000,0.000000,1.000000,0.000000,0.000000,0.000000,0.000000,2564.800000,2572.200000,0.000000,0.000000
2014/11/11,   480.00,0,240,240,0,     0.00, 93254.40,     0.00,  4617.18,     0.00,     0.00,0,0,     -nan,-16380.00,-20997.18,-3636840.00,-4482501.22,     0.00,     0.00,     0.00,-16380.00,     0.00,-20997.178500,0.000000,0.000000,1.000000,0.000000,0.000000,0.000000,0.000000,2549.400000,2557.200000,0.000000,0.000000
2014/11/12,   480.00,0,240,240,0,     0.00, 93146.40,     0.00,  4607.34,     0.00,     0.00,0,0,     -nan,-14400.00,-19007.34,-3651240.00,-4501508.56,     0.00,     0.00,     0.00,-14400.00,     0.00,-19007.335500,0.000000,0.000000,1.000000,0.000000,0.000000,0.000000,0.000000,2584.200000,2591.200000,0.000000,0.000000
2014/11/13,   480.00,0,240,240,0,     0.00, 93168.00,     0.00,  4633.53,     0.00,     0.00,0,0,     -nan,-17040.00,-21673.53,-3668280.00,-4523182.09,     0.00,     0.00,     0.00,-17040.00,     0.00,-21673.528500,0.000000,0.000000,1.000000,0.000000,0.000000,0.000000,0.000000,2570.800000,2578.000000,0.000000,0.000000
2014/11/14,   480.00,0,240,240,0,     0.00, 92678.40,     0.00,  4616.63,     0.00,     0.00,0,0,     -nan,-15300.00,-19916.63,-3683580.00,-4543098.72,     0.00,     0.00,     0.00,-15300.00,     0.00,-19916.632500,0.000000,0.000000,1.000000,0.000000,0.000000,0.000000,0.000000,2578.200000,2585.200000,0.000000,0.000000
2014/11/17,   480.00,0,240,240,0,     0.00, 94082.40,     0.00,  4645.85,     0.00,     0.00,0,0,     -nan,-20160.00,-24805.85,-3703740.00,-4567904.57,     0.00,     0.00,     0.00,-20160.00,     0.00,-24805.849500,0.000000,0.000000,1.000000,0.000000,0.000000,0.000000,0.000000,2567.000000,2574.000000,0.000000,0.000000
2014/11/18,   480.00,0,240,240,0,     0.00, 92440.80,     0.00,  4590.03,     0.00,     0.00,0,0,     -nan,-11880.00,-16470.03,-3715620.00,-4584374.60,     0.00,     0.00,     0.00,-11880.00,     0.00,-16470.030000,0.000000,0.000000,1.000000,0.000000,0.000000,0.000000,0.000000,2545.000000,2550.200000,0.000000,0.000000
2014/11/19,   480.00,0,240,240,0,     0.00, 91807.20,     0.00,  4575.24,     0.00,     0.00,0,0,     -nan,-18180.00,-22755.24,-3733800.00,-4607129.84,     0.00,     0.00,     0.00,-18180.00,     0.00,-22755.243000,0.000000,0.000000,1.000000,0.000000,0.000000,0.000000,0.000000,2533.600000,2541.400000,0.000000,0.000000
2014/11/20,   480.00,0,240,240,0,     0.00, 91512.00,     0.00,  4560.28,     0.00,     0.00,0,0,     -nan,-18120.00,-22680.28,-3751920.00,-4629810.12,     0.00,     0.00,     0.00,-18120.00,     0.00,-22680.279000,0.000000,0.000000,1.000000,0.000000,0.000000,0.000000,0.000000,2543.400000,2553.200000,0.000000,0.000000
2014/11/21,   480.00,0,240,240,0,     0.00, 92376.00,     0.00,  4588.12,     0.00,     0.00,0,0,     -nan,-18060.00,-22648.12,-3769980.00,-4652458.24,     0.00,     0.00,     0.00,-18060.00,     0.00,-22648.119000,0.000000,0.000000,1.000000,0.000000,0.000000,0.000000,0.000000,2566.000000,2602.800000,0.000000,0.000000
2014/11/24,   480.00,0,240,240,0,     0.00, 96948.00,     0.00,  4790.69,     0.00,     0.00,0,0,     -nan,-21960.00,-26750.69,-3791940.00,-4679208.93,     0.00,     0.00,     0.00,-21960.00,     0.00,-26750.694000,0.000000,0.000000,1.000000,0.000000,0.000000,0.000000,0.000000,2674.400000,2683.200000,0.000000,0.000000
2014/11/25,   480.00,0,240,240,0,     0.00, 98172.00,     0.00,  4837.65,     0.00,     0.00,0,0,     -nan,-17820.00,-22657.65,-3809760.00,-4701866.59,     0.00,     0.00,     0.00,-17820.00,     0.00,-22657.653000,0.000000,0.000000,1.000000,0.000000,0.000000,0.000000,0.000000,2724.400000,2734.800000,0.000000,0.000000
2014/11/26,   480.00,0,240,240,0,     0.00, 98949.60,     0.00,  4918.90,     0.00,     0.00,0,0,     -nan,-20220.00,-25138.90,-3829980.00,-4727005.48,     0.00,     0.00,     0.00,-20220.00,     0.00,-25138.897500,0.000000,0.000000,1.000000,0.000000,0.000000,0.000000,0.000000,2745.600000,2753.600000,0.000000,0.000000
2014/11/27,   480.00,0,240,240,0,     0.00, 99345.60,     0.00,  4940.71,     0.00,     0.00,0,0,     -nan,-15960.00,-20900.71,-3845940.00,-4747906.19,     0.00,     0.00,     0.00,-15960.00,     0.00,-20900.710500,0.000000,0.000000,1.000000,0.000000,0.000000,0.000000,0.000000,2754.800000,2761.000000,0.000000,0.000000
2014/11/28,   480.00,0,240,240,0,     0.00,101253.60,     0.00,  4968.51,     0.00,     0.00,0,0,     -nan,-18000.00,-22968.51,-3863940.00,-4770874.70,     0.00,     0.00,     0.00,-18000.00,     0.00,-22968.507000,0.000000,0.000000,1.000000,0.000000,0.000000,0.000000,0.000000,2826.000000,2830.800000,0.000000,0.000000
2014/12/01,   480.00,0,240,240,0,     0.00,102168.00,     0.00,  5078.78,     0.00,     0.00,0,0,     -nan,-23040.00,-28118.78,-3886980.00,-4798993.48,     0.00,     0.00,     0.00,-23040.00,     0.00,-28118.782500,0.000000,0.000000,1.000000,0.000000,0.000000,0.000000,0.000000,2807.000000,2813.600000,0.000000,0.000000
2014/12/02,   480.00,0,240,240,0,     0.00,107517.60,     0.00,  5170.44,     0.00,     0.00,0,0,     -nan,-23280.00,-28450.44,-3910260.00,-4827443.92,     0.00,     0.00,     0.00,-23280.00,     0.00,-28450.435500,0.000000,0.000000,1.000000,0.000000,0.000000,0.000000,0.000000,2936.000000,2941.000000,0.000000,0.000000
2014/12/03,   480.00,0,240,240,0,     0.00,110044.80,     0.00,  5410.35,     0.00,     0.00,0,0,     -nan,-23220.00,-28630.35,-3933480.00,-4856074.26,     0.00,     0.00,     0.00,-23220.00,     0.00,-28630.345500,0.000000,0.000000,1.000000,0.000000,0.000000,0.000000,0.000000,2996.200000,3004.400000,0.000000,0.000000
2014/12/04,   480.00,0,240,240,0,     0.00,114998.40,     0.00,  5558.44,     0.00,     0.00,0,0,     -nan,-25020.00,-30578.44,-3958500.00,-4886652.71,     0.00,     0.00,     0.00,-25020.00,     0.00,-30578.442000,0.000000,0.000000,1.000000,0.000000,0.000000,0.000000,0.000000,3195.800000,3207.600000,0.000000,0.000000
2014/12/05,   480.00,0,240,240,0,     0.00,116949.60,     0.00,  5719.76,     0.00,     0.00,0,0,     -nan,-31740.00,-37459.76,-3990240.00,-4924112.47,     0.00,     0.00,     0.00,-31740.00,     0.00,-37459.759500,0.000000,0.000000,1.000000,0.000000,0.000000,0.000000,0.000000,3183.000000,3204.800000,0.000000,0.000000
2014/12/08,   480.00,0,240,240,0,     0.00,120592.80,     0.00,  5830.42,     0.00,     0.00,0,0,     -nan,-21780.00,-27610.42,-4012020.00,-4951722.88,     0.00,     0.00,     0.00,-21780.00,     0.00,-27610.416000,0.000000,0.000000,1.000000,0.000000,0.000000,0.000000,0.000000,3327.200000,3341.000000,0.000000,0.000000
2014/12/09,   480.00,0,240,240,0,     0.00,124819.20,     0.00,  6000.19,     0.00,     0.00,0,0,     -nan,-29460.00,-35460.19,-4041480.00,-4987183.07,     0.00,     0.00,     0.00,-29460.00,     0.00,-35460.189000,0.000000,0.000000,1.000000,0.000000,0.000000,0.000000,0.000000,3143.000000,3162.200000,0.000000,0.000000
2014/12/10,   480.00,0,240,240,0,     0.00,118792.80,     0.00,  5809.02,     0.00,     0.00,0,0,     -nan,-31260.00,-37069.02,-4072740.00,-5024252.09,     0.00,     0.00,     0.00,-31260.00,     0.00,-37069.021500,0.000000,0.000000,1.000000,0.000000,0.000000,0.000000,0.000000,3229.600000,3270.400000,0.000000,0.000000
2014/12/11,   480.00,0,240,240,0,     0.00,118065.60,     0.00,  5807.65,     0.00,     0.00,0,0,     -nan,-28320.00,-34127.65,-4101060.00,-5058379.75,     0.00,     0.00,     0.00,-28320.00,     0.00,-34127.653500,0.000000,0.000000,1.000000,0.000000,0.000000,0.000000,0.000000,3207.800000,3245.600000,0.000000,0.000000
2014/12/12,   480.00,0,240,240,0,     0.00,118692.00,     0.00,  5823.05,     0.00,     0.00,0,0,     -nan,-26640.00,-32463.05,-4127700.00,-5090842.79,     0.00,     0.00,     0.00,-26640.00,     0.00,-32463.045000,0.000000,0.000000,1.000000,0.000000,0.000000,0.000000,0.000000,3215.800000,3264.600000,0.000000,0.000000
2014/12/15,   480.00,0,240,240,0,     0.00,117856.80,     0.00,  5776.84,     0.00,     0.00,0,0,     -nan,-23220.00,-28996.84,-4150920.00,-5119839.63,     0.00,     0.00,     0.00,-23220.00,     0.00,-28996.839000,0.000000,0.000000,1.000000,0.000000,0.000000,0.000000,0.000000,3244.000000,3290.400000,0.000000,0.000000
2014/12/16,   480.00,0,240,240,0,     0.00,119635.20,     0.00,  5892.94,     0.00,     0.00,0,0,     -nan,-24600.00,-30492.94,-4175520.00,-5150332.57,     0.00,     0.00,     0.00,-24600.00,     0.00,-30492.942000,0.000000,0.000000,1.000000,0.000000,0.000000,0.000000,0.000000,3322.800000,3384.000000,0.000000,0.000000
2014/12/17,   480.00,0,240,240,0,     0.00,121197.60,     0.00,  5999.19,     0.00,     0.00,0,0,     -nan,-35760.00,-41759.19,-4211280.00,-5192091.76,     0.00,     0.00,     0.00,-35760.00,     0.00,-41759.191500,0.000000,0.000000,1.000000,0.000000,0.000000,0.000000,0.000000,3363.600000,3480.600000,0.000000,0.000000
2014/12/18,   480.00,0,240,240,0,     0.00,122169.60,     0.00,  6062.97,     0.00,     0.00,0,0,     -nan,-36300.00,-42362.97,-4247580.00,-5234454.73,     0.00,     0.00,     0.00,-36300.00,     0.00,-42362.970000,0.000000,0.000000,1.000000,0.000000,0.000000,0.000000,0.000000,3361.800000,3490.600000,0.000000,0.000000
2014/12/19,   480.00,0,240,240,0,     0.00,121183.20,     0.00,  6015.61,     0.00,     0.00,0,0,     -nan,-32760.00,-38775.61,-4280340.00,-5273230.34,     0.00,     0.00,     0.00,-32760.00,     0.00,-38775.610500,0.000000,0.000000,1.000000,0.000000,0.000000,0.000000,0.000000,3352.200000,3503.000000,0.000000,0.000000
2014/12/22,   480.00,0,240,240,0,     0.00,126374.40,     0.00,  6258.96,     0.00,     0.00,0,0,     -nan,-27360.00,-33618.96,-4307700.00,-5306849.31,     0.00,     0.00,     0.00,-27360.00,     0.00,-33618.961500,0.000000,0.000000,1.000000,0.000000,0.000000,0.000000,0.000000,3399.400000,3429.200000,0.000000,0.000000
2014/12/23,   480.00,0,240,240,0,     0.00,124660.80,     0.00,  6143.82,     0.00,     0.00,0,0,     -nan,-19260.00,-25403.82,-4326960.00,-5332253.13,     0.00,     0.00,     0.00,-19260.00,     0.00,-25403.821500,0.000000,0.000000,1.000000,0.000000,0.000000,0.000000,0.000000,3313.000000,3347.000000,0.000000,0.000000
2014/12/24,   480.00,0,240,240,0,     0.00,120506.40,     0.00,  5877.80,     0.00,     0.00,0,0,     -nan,-24420.00,-30297.80,-4351380.00,-5362550.92,     0.00,     0.00,     0.00,-24420.00,     0.00,-30297.796500,0.000000,0.000000,1.000000,0.000000,0.000000,0.000000,0.000000,3259.000000,3288.000000,0.000000,0.000000
2014/12/25,   480.00,0,240,240,0,     0.00,120960.00,     0.00,  5938.86,     0.00,     0.00,0,0,     -nan,-28380.00,-34318.86,-4379760.00,-5396869.78,     0.00,     0.00,     0.00,-28380.00,     0.00,-34318.857000,0.000000,0.000000,1.000000,0.000000,0.000000,0.000000,0.000000,3381.000000,3403.600000,0.000000,0.000000
2014/12/26,   480.00,0,240,240,0,     0.00,126597.60,     0.00,  6162.43,     0.00,     0.00,0,0,     -nan,-26760.00,-32922.43,-4406520.00,-5429792.21,     0.00,     0.00,     0.00,-26760.00,     0.00,-32922.426000,0.000000,0.000000,1.000000,0.000000,0.000000,0.000000,0.000000,3483.000000,3513.600000,0.000000,0.000000
2014/12/29,   480.00,0,240,240,0,     0.00,128995.20,     0.00,  6359.73,     0.00,     0.00,0,0,     -nan,-30120.00,-36479.73,-4436640.00,-5466271.94,     0.00,     0.00,     0.00,-30120.00,     0.00,-36479.730000,0.000000,0.000000,1.000000,0.000000,0.000000,0.000000,0.000000,3474.600000,3510.200000,0.000000,0.000000
2014/12/30,   480.00,0,240,240,0,     0.00,127065.60,     0.00,  6276.24,     0.00,     0.00,0,0,     -nan,-24120.00,-30396.24,-4460760.00,-5496668.18,     0.00,     0.00,     0.00,-24120.00,     0.00,-30396.243000,0.000000,0.000000,1.000000,0.000000,0.000000,0.000000,0.000000,3482.600000,3525.000000,0.000000,0.000000
2014/12/31,   480.00,0,240,240,0,     0.00,129348.00,     0.00,  6350.32,     0.00,     0.00,0,0,     -nan,-19800.00,-26150.32,-4480560.00,-5522818.50,     0.00,     0.00,     0.00,-19800.00,     0.00,-26150.320500,0.000000,0.000000,1.000000,0.000000,0.000000,0.000000,0.000000,3593.200000,3635.200000,0.000000,0.000000
